Year,Team,Power 5 School,Games,W,L,Win Pct,RPG,OPP RPG,REB MAR,FGPG,FGAPG,FG%,OPP FGPG,OPP FGAPG,OPP FG%,ASTPG,TOPG,AST/TO Ratio,OPP 3FGPG,OPP 3FGAPG,OPP 3FG%,FTPG,FTAPG,FT%,PPG,OPP PPG,SCR MAR,3FGPG,3FGAPG,3FG%
2014,Wichita St. (MVC),False,36,35,1,97.2,38.4,30.9,7.4,24.88888888888889,53.916666666666664,46.2,20.72222222222222,53.083333333333336,39.0,13.63888888888889,10.38888888888889,1.31,5.861111111111111,19.0,30.8,18.444444444444443,25.444444444444443,72.5,75.2,59.5,15.7,6.944444444444445,19.77777777777778,35.1
2014,Florida (SEC),True,39,36,3,92.3,35.5,30.5,5.0,24.23076923076923,52.717948717948715,46.0,20.666666666666668,51.38461538461539,40.2,13.051282051282051,11.051282051282051,1.18,5.3076923076923075,16.102564102564102,33.0,14.923076923076923,22.333333333333332,66.8,69.9,57.8,12.2,6.538461538461538,18.23076923076923,35.9
2014,SFA (Southland),False,35,32,3,91.4,33.9,29.1,4.8,26.34285714285714,56.91428571428571,46.3,21.314285714285713,46.94285714285714,45.4,16.4,11.228571428571428,1.46,4.228571428571429,12.314285714285715,34.3,16.257142857142856,22.857142857142858,71.1,76.0,63.4,12.6,7.085714285714285,20.514285714285716,34.5
2014,Arizona (Pac-12),True,38,33,5,86.8,38.1,31.1,7.1,26.210526315789473,55.86842105263158,46.9,20.42105263157895,53.71052631578947,38.0,15.105263157894736,10.18421052631579,1.48,4.552631578947368,14.236842105263158,32.0,15.078947368421053,22.894736842105264,65.9,72.9,58.6,14.3,5.368421052631579,14.763157894736842,36.4
2014,San Diego St. (Mountain West),False,36,31,5,86.1,37.9,32.8,5.1,24.25,55.80555555555556,43.5,20.38888888888889,52.888888888888886,38.6,9.88888888888889,9.86111111111111,1.0,4.833333333333333,16.77777777777778,28.8,16.61111111111111,25.055555555555557,66.3,70.3,57.0,13.3,5.166666666666667,14.416666666666666,35.8
2014,Villanova (Big East),False,34,29,5,85.3,37.1,33.4,3.7,25.58823529411765,56.088235294117645,45.6,22.441176470588236,55.470588235294116,40.5,15.382352941176471,11.941176470588236,1.29,6.470588235294118,18.323529411764707,35.3,17.852941176470587,24.941176470588236,71.6,78.0,66.5,11.5,8.941176470588236,25.147058823529413,35.6
2014,Harvard (Ivy League),False,32,27,5,84.4,34.1,31.4,2.8,24.59375,52.90625,46.5,21.25,52.03125,40.8,14.09375,11.40625,1.24,5.125,15.96875,32.1,18.28125,25.28125,72.3,73.2,61.0,12.2,5.75,14.96875,38.4
2014,Louisville (AAC),False,37,31,6,83.8,37.7,34.7,3.0,28.405405405405407,60.32432432432432,47.1,21.243243243243242,53.5945945945946,39.6,15.35135135135135,10.567567567567568,1.45,4.594594594594595,16.054054054054053,28.6,16.43243243243243,24.864864864864863,66.1,81.0,61.1,19.9,7.783783783783784,21.16216216216216,36.8
2014,Syracuse (ACC),True,34,28,6,82.4,35.3,31.5,3.8,24.08823529411765,55.088235294117645,43.7,20.147058823529413,49.088235294117645,41.0,11.823529411764707,9.0,1.31,6.852941176470588,19.88235294117647,34.5,14.882352941176471,21.029411764705884,70.8,68.0,59.2,8.8,,,
2014,N.C. Central (MEAC),False,34,28,6,82.4,35.2,31.8,3.4,24.91176470588235,53.88235294117647,46.2,19.352941176470587,50.76470588235294,38.1,14.647058823529411,11.441176470588236,1.28,5.470588235294118,18.176470588235293,30.1,18.676470588235293,25.647058823529413,72.8,73.9,59.5,14.4,5.411764705882353,16.029411764705884,33.8
2014,Virginia (ACC),True,37,30,7,81.1,35.5,29.3,6.1,23.10810810810811,50.91891891891892,45.4,19.64864864864865,50.67567567567568,38.8,13.08108108108108,10.0,1.31,5.486486486486487,17.0,32.3,14.405405405405405,21.405405405405407,67.3,66.2,55.7,10.5,5.5675675675675675,15.108108108108109,36.9
2014,Gonzaga (WCC),False,36,29,7,80.6,35.9,32.7,3.1,27.0,54.52777777777778,49.5,22.38888888888889,56.30555555555556,39.8,14.583333333333334,11.63888888888889,1.25,5.638888888888889,17.75,31.8,15.61111111111111,22.02777777777778,70.9,76.7,65.9,10.8,7.083333333333333,17.86111111111111,39.7
2014,Southern Miss. (C-USA),False,36,29,7,80.6,35.7,29.2,6.5,24.25,52.333333333333336,46.3,20.75,48.75,42.6,14.083333333333334,13.36111111111111,1.05,7.305555555555555,21.5,34.0,18.02777777777778,26.555555555555557,67.9,72.1,63.3,8.8,5.583333333333333,16.0,34.9
2014,UConn (AAC),False,40,32,8,80.0,34.9,34.5,0.5,24.275,54.05,44.9,21.95,56.025,39.2,12.2,11.425,1.07,6.025,18.275,33.0,16.1,20.725,77.7,71.8,63.2,8.6,7.175,18.525,38.7
2014,Cincinnati (AAC),False,34,27,7,79.4,36.0,31.7,4.3,23.676470588235293,55.6764705882353,42.5,20.294117647058822,51.3235294117647,39.5,12.5,11.088235294117647,1.13,5.352941176470588,16.705882352941178,32.0,15.264705882352942,21.558823529411764,70.8,68.4,58.4,10.0,5.764705882352941,17.205882352941178,33.5
2014,Toledo (MAC),False,34,27,7,79.4,35.8,33.4,2.4,27.323529411764707,58.6764705882353,46.6,26.38235294117647,57.1764705882353,46.1,14.970588235294118,10.176470588235293,1.47,6.823529411764706,19.38235294117647,35.2,18.91176470588235,26.08823529411765,72.5,79.2,73.2,6.0,5.676470588235294,16.470588235294116,34.5
2014,Saint Louis (Atlantic 10),False,34,27,7,79.4,36.2,34.8,1.4,24.38235294117647,54.970588235294116,44.4,22.205882352941178,55.14705882352941,40.3,14.176470588235293,12.676470588235293,1.12,4.088235294117647,14.147058823529411,28.9,15.470588235294118,22.205882352941178,69.7,69.8,61.9,7.9,5.588235294117647,17.676470588235293,31.6
2014,New Mexico (Mountain West),False,34,27,7,79.4,38.1,32.8,5.3,24.91176470588235,54.44117647058823,45.8,22.823529411764707,58.6764705882353,38.9,15.352941176470589,10.588235294117647,1.45,7.147058823529412,20.558823529411764,34.8,18.38235294117647,25.41176470588235,72.3,74.0,66.1,7.9,5.794117647058823,17.441176470588236,33.2
2014,Wisconsin (Big Ten),True,38,30,8,78.9,33.3,31.9,1.4,24.394736842105264,53.10526315789474,45.9,24.07894736842105,56.18421052631579,42.9,12.31578947368421,8.078947368421053,1.52,4.842105263157895,14.210526315789474,34.1,16.894736842105264,22.657894736842106,74.6,73.5,64.0,9.5,7.815789473684211,20.789473684210527,37.6
2014,North Dakota St. (Summit League),False,33,26,7,78.8,32.8,28.7,4.1,26.90909090909091,53.303030303030305,50.5,21.87878787878788,51.81818181818182,42.2,11.575757575757576,9.848484848484848,1.18,6.7272727272727275,18.181818181818183,37.0,16.363636363636363,21.78787878787879,75.1,75.5,65.6,9.9,5.333333333333333,14.636363636363637,36.4
2014,Louisiana Tech (C-USA),False,37,29,8,78.4,39.1,36.5,2.6,27.945945945945947,61.729729729729726,45.3,23.54054054054054,56.729729729729726,41.5,15.72972972972973,11.45945945945946,1.37,4.864864864864865,15.594594594594595,31.2,17.405405405405407,25.62162162162162,67.9,81.0,66.5,14.5,7.72972972972973,23.45945945945946,32.9
2014,Iowa St. (Big 12),True,36,28,8,77.8,38.5,36.9,1.6,29.5,62.19444444444444,47.4,26.5,63.111111111111114,42.0,18.416666666666668,10.555555555555555,1.74,7.194444444444445,21.11111111111111,34.1,15.666666666666666,22.61111111111111,69.3,83.0,74.4,8.6,8.36111111111111,23.333333333333332,35.8
2014,Green Bay (Horizon),False,31,24,7,77.4,36.7,33.6,3.2,26.225806451612904,55.32258064516129,47.4,22.612903225806452,57.41935483870968,39.4,15.258064516129032,12.67741935483871,1.2,6.064516129032258,19.032258064516128,31.9,17.032258064516128,24.225806451612904,70.3,74.3,64.5,9.8,,,
2014,Creighton (Big East),False,35,27,8,77.1,34.1,31.8,2.3,27.34285714285714,55.05714285714286,49.7,24.114285714285714,56.65714285714286,42.6,17.542857142857144,9.771428571428572,1.8,6.685714285714286,19.571428571428573,34.2,13.885714285714286,18.685714285714287,74.3,78.7,67.9,10.9,10.17142857142857,24.542857142857144,41.4
2014,Michigan St. (Big Ten),True,38,29,9,76.3,36.8,31.8,5.1,26.94736842105263,56.81578947368421,47.4,21.5,54.1578947368421,39.7,16.763157894736842,11.578947368421053,1.45,6.631578947368421,20.0,33.2,13.552631578947368,19.157894736842106,70.7,75.5,65.6,10.0,8.078947368421053,20.605263157894736,39.2
2014,Manhattan (MAAC),False,33,25,8,75.8,37.4,36.3,1.1,25.09090909090909,55.666666666666664,45.1,22.393939393939394,54.81818181818182,40.9,13.121212121212121,14.181818181818182,0.93,4.96969696969697,15.212121212121213,32.7,20.484848484848484,30.87878787878788,66.3,77.0,70.0,6.9,6.303030303030303,17.09090909090909,36.9
2014,Michigan (Big Ten),True,37,28,9,75.7,31.4,31.2,0.2,25.54054054054054,53.567567567567565,47.7,24.45945945945946,55.0,44.5,14.18918918918919,9.324324324324325,1.52,5.4324324324324325,17.08108108108108,31.8,14.243243243243244,18.675675675675677,76.3,73.9,65.1,8.9,8.621621621621621,21.45945945945946,40.2
2014,UCLA (Pac-12),True,37,28,9,75.7,35.4,33.6,1.7,29.0,59.351351351351354,48.9,24.27027027027027,56.83783783783784,42.7,17.18918918918919,10.243243243243244,1.68,8.135135135135135,23.62162162162162,34.4,16.972972972972972,22.675675675675677,74.9,81.2,70.4,10.8,6.1891891891891895,16.2972972972973,38.0
2014,Mercer (ASUN),False,36,27,9,75.0,37.2,33.1,4.1,27.27777777777778,57.25,47.6,22.555555555555557,56.19444444444444,40.1,16.27777777777778,11.666666666666666,1.4,6.555555555555555,21.63888888888889,30.3,16.166666666666668,21.97222222222222,73.6,78.8,66.9,11.8,8.055555555555555,21.0,38.4
2014,VCU (Atlantic 10),False,35,26,9,74.3,37.6,36.7,0.9,26.34285714285714,62.74285714285714,42.0,23.085714285714285,53.4,43.2,13.114285714285714,12.228571428571428,1.07,4.857142857142857,16.02857142857143,30.3,14.857142857142858,22.057142857142857,67.4,75.0,65.2,9.8,7.428571428571429,21.257142857142856,34.9
2014,Duke (ACC),True,35,26,9,74.3,34.5,32.5,2.0,26.542857142857144,57.714285714285715,46.0,24.228571428571428,53.142857142857146,45.6,14.542857142857143,9.542857142857143,1.52,3.942857142857143,12.82857142857143,30.7,16.314285714285713,22.37142857142857,72.9,78.4,67.4,11.0,9.028571428571428,22.885714285714286,39.5
2014,Georgia St. (Sun Belt),False,34,25,9,73.5,31.6,36.3,-4.7,26.470588235294116,56.55882352941177,46.8,23.647058823529413,56.14705882352941,42.1,13.264705882352942,8.088235294117647,1.64,7.852941176470588,23.058823529411764,34.1,17.323529411764707,22.264705882352942,77.8,77.7,68.5,9.1,7.411764705882353,19.764705882352942,37.5
2014,SMU (AAC),False,37,27,10,73.0,36.0,31.3,4.8,25.324324324324323,52.37837837837838,48.3,20.594594594594593,53.432432432432435,38.5,15.162162162162161,13.324324324324325,1.14,6.702702702702703,20.89189189189189,32.1,15.64864864864865,22.91891891891892,68.3,71.0,62.2,8.8,,,
2014,Massachusetts (Atlantic 10),False,33,24,9,72.7,38.4,35.5,2.8,27.272727272727273,59.42424242424242,45.9,25.545454545454547,60.15151515151515,42.5,15.090909090909092,13.515151515151516,1.12,5.0,16.21212121212121,30.8,15.909090909090908,23.303030303030305,68.3,75.8,71.2,4.6,5.363636363636363,15.515151515151516,34.6
2014,George Washington (Atlantic 10),False,33,24,9,72.7,37.2,33.7,3.5,25.424242424242426,54.90909090909091,46.3,23.87878787878788,57.42424242424242,41.6,13.969696969696969,12.969696969696969,1.08,6.484848484848484,20.757575757575758,31.2,16.666666666666668,25.575757575757574,65.2,73.2,67.0,6.2,5.666666666666667,15.575757575757576,36.4
2014,Middle Tenn. (C-USA),False,33,24,9,72.7,36.7,31.9,4.8,24.727272727272727,54.39393939393939,45.5,21.09090909090909,51.333333333333336,41.1,13.121212121212121,12.606060606060606,1.04,5.151515151515151,15.969696969696969,32.3,16.03030303030303,24.12121212121212,66.5,70.9,62.6,8.2,5.393939393939394,15.757575757575758,34.2
2014,Kentucky (SEC),True,40,29,11,72.5,40.2,30.8,9.4,25.1,55.35,45.3,23.325,56.775,41.1,11.15,12.025,0.93,5.55,17.225,32.2,19.525,28.65,68.2,74.8,66.6,8.2,5.075,15.275,33.2
2014,New Mexico St. (WAC),False,36,26,10,72.2,37.4,32.5,4.9,26.0,53.27777777777778,48.8,23.97222222222222,59.80555555555556,40.1,13.166666666666666,12.694444444444445,1.04,4.5,13.666666666666666,32.9,19.583333333333332,28.52777777777778,68.6,77.0,67.1,9.9,5.388888888888889,14.527777777777779,37.1
2014,Pittsburgh (ACC),True,36,26,10,72.2,35.9,30.0,5.9,24.86111111111111,54.0,46.0,21.416666666666668,52.0,41.2,15.63888888888889,10.36111111111111,1.51,5.694444444444445,17.444444444444443,32.6,17.02777777777778,23.916666666666668,71.2,71.8,61.9,9.9,5.083333333333333,14.5,35.1
2014,Belmont (OVC),False,36,26,10,72.2,31.2,32.7,-1.5,27.305555555555557,54.80555555555556,49.8,25.38888888888889,55.25,46.0,15.86111111111111,12.86111111111111,1.23,6.888888888888889,19.694444444444443,35.0,16.305555555555557,22.055555555555557,73.9,79.9,73.9,6.0,8.972222222222221,22.86111111111111,39.2
2014,Delaware (CAA),False,35,25,10,71.4,36.1,39.0,-2.9,26.742857142857144,60.22857142857143,44.4,26.742857142857144,60.42857142857143,44.3,10.771428571428572,9.542857142857143,1.13,6.257142857142857,19.142857142857142,32.7,18.8,26.428571428571427,71.1,79.5,75.7,3.8,7.2,20.771428571428572,34.7
2014,Ohio St. (Big Ten),True,35,25,10,71.4,33.9,33.6,0.3,24.085714285714285,53.57142857142857,45.0,21.742857142857144,53.51428571428571,40.6,12.028571428571428,11.257142857142858,1.07,4.942857142857143,16.885714285714286,29.3,15.6,22.65714285714286,68.9,69.5,59.8,9.7,5.714285714285714,17.62857142857143,32.4
2014,Kansas (Big 12),True,35,25,10,71.4,38.2,30.7,7.5,27.285714285714285,55.34285714285714,49.3,23.285714285714285,56.02857142857143,41.6,14.942857142857143,13.228571428571428,1.13,6.257142857142857,17.62857142857143,35.5,19.0,26.714285714285715,71.1,79.0,70.1,8.9,5.4,15.885714285714286,34.0
2014,Memphis (AAC),False,34,24,10,70.6,37.3,35.1,2.2,28.176470588235293,59.088235294117645,47.7,26.11764705882353,59.6764705882353,43.8,17.38235294117647,13.205882352941176,1.32,5.294117647058823,17.205882352941178,30.8,15.176470588235293,23.558823529411764,64.4,76.9,70.5,6.4,5.352941176470588,16.235294117647058,33.0
2014,Oregon (Pac-12),True,34,24,10,70.6,34.1,33.1,1.0,27.294117647058822,58.14705882352941,46.9,24.647058823529413,56.088235294117645,43.9,14.470588235294118,11.441176470588236,1.26,5.823529411764706,17.970588235294116,32.4,19.647058823529413,25.441176470588236,77.2,81.9,74.1,7.7,7.617647058823529,19.58823529411765,38.9
2014,North Carolina (ACC),True,34,24,10,70.6,39.7,34.7,5.0,28.029411764705884,60.5,46.3,23.823529411764707,57.3235294117647,41.6,15.382352941176471,11.941176470588236,1.29,6.205882352941177,19.558823529411764,31.7,16.235294117647058,25.941176470588236,62.6,76.6,69.8,6.8,,,
2014,Eastern Ky. (OVC),False,34,24,10,70.6,26.0,32.6,-6.6,25.91176470588235,53.23529411764706,48.7,23.323529411764707,47.970588235294116,48.6,14.647058823529411,10.558823529411764,1.39,6.0,16.970588235294116,35.4,17.647058823529413,23.470588235294116,75.2,78.7,70.9,7.8,9.264705882352942,23.735294117647058,39.0
2014,Saint Joseph's (Atlantic 10),False,34,24,10,70.6,35.8,33.0,2.8,24.705882352941178,52.61764705882353,47.0,24.264705882352942,57.8235294117647,42.0,14.0,12.382352941176471,1.13,6.794117647058823,19.88235294117647,34.2,14.794117647058824,22.941176470588236,64.5,71.6,67.6,4.0,7.352941176470588,19.41176470588235,37.9
2014,Dayton (Atlantic 10),False,37,26,11,70.3,34.8,31.3,3.5,25.27027027027027,54.54054054054054,46.3,22.783783783783782,52.32432432432432,43.5,13.108108108108109,11.945945945945946,1.1,5.486486486486487,16.54054054054054,33.2,15.08108108108108,22.135135135135137,68.1,72.2,67.0,5.2,6.5675675675675675,17.405405405405407,37.7
2014,Princeton (Ivy League),False,30,21,9,70.0,32.8,32.6,0.1,23.466666666666665,53.06666666666667,44.2,22.633333333333333,52.8,42.9,14.366666666666667,11.166666666666666,1.29,5.0,15.4,32.5,14.4,19.966666666666665,72.1,70.6,64.4,6.2,9.266666666666667,25.8,35.9
2014,UC Santa Barbara (Big West),False,30,21,9,70.0,35.3,32.9,2.4,24.366666666666667,52.46666666666667,46.4,21.933333333333334,54.833333333333336,40.0,15.933333333333334,11.166666666666666,1.43,7.166666666666667,20.4,35.1,15.5,21.9,70.8,71.2,65.3,5.9,7.0,18.2,38.5
2014,Oklahoma (Big 12),True,33,23,10,69.7,37.6,36.3,1.3,27.545454545454547,61.63636363636363,44.7,26.181818181818183,59.878787878787875,43.7,14.636363636363637,11.393939393939394,1.28,7.151515151515151,20.90909090909091,34.2,18.21212121212121,24.303030303030305,74.9,81.9,76.0,5.9,8.636363636363637,22.78787878787879,37.9
2014,Western Mich. (MAC),False,33,23,10,69.7,34.6,32.8,1.8,23.606060606060606,51.03030303030303,46.3,23.424242424242426,57.06060606060606,41.1,11.393939393939394,14.06060606060606,0.81,6.818181818181818,22.060606060606062,30.9,18.78787878787879,25.939393939393938,72.4,71.9,67.7,4.2,5.909090909090909,17.96969696969697,32.9
2014,Towson (CAA),False,36,25,11,69.4,38.8,33.5,5.2,24.083333333333332,53.05555555555556,45.4,23.805555555555557,58.72222222222222,40.5,9.86111111111111,11.527777777777779,0.86,5.861111111111111,18.63888888888889,31.4,19.055555555555557,27.694444444444443,68.8,73.1,68.8,4.4,5.916666666666667,16.555555555555557,35.7
2014,Purdue Fort Wayne (Summit League),False,36,25,11,69.4,33.8,30.1,3.7,27.083333333333332,54.97222222222222,49.3,26.02777777777778,56.111111111111114,46.4,14.555555555555555,12.222222222222221,1.19,6.333333333333333,17.97222222222222,35.2,14.972222222222221,22.583333333333332,66.3,77.1,71.0,6.1,7.916666666666667,20.166666666666668,39.3
2014,Boston U. (Patriot),False,35,24,11,68.6,33.1,34.4,-1.2,25.542857142857144,56.51428571428571,45.2,24.114285714285714,54.97142857142857,43.9,14.028571428571428,11.742857142857142,1.19,6.542857142857143,18.485714285714284,35.4,12.057142857142857,16.885714285714286,71.4,71.2,67.0,4.2,8.057142857142857,22.17142857142857,36.3
2014,Texas (Big 12),True,35,24,11,68.6,41.4,34.4,7.0,25.857142857142858,59.857142857142854,43.2,23.4,58.25714285714286,40.2,12.914285714285715,12.17142857142857,1.06,7.4,21.0,35.2,17.428571428571427,25.97142857142857,67.1,74.2,70.7,3.5,5.085714285714285,15.542857142857143,32.7
2014,Sam Houston (Southland),False,35,24,11,68.6,34.9,33.0,1.9,25.0,54.08571428571429,46.2,23.02857142857143,52.31428571428572,44.0,15.714285714285714,12.771428571428572,1.23,5.3428571428571425,15.771428571428572,33.9,18.485714285714284,27.685714285714287,66.8,75.6,69.5,6.2,7.142857142857143,18.228571428571428,39.2
2014,Baylor (Big 12),True,38,26,12,68.4,38.3,31.6,6.7,25.236842105263158,55.5,45.5,24.394736842105264,57.31578947368421,42.6,14.81578947368421,11.578947368421053,1.28,6.7894736842105265,19.236842105263158,35.3,16.973684210526315,24.92105263157895,68.1,74.8,67.8,7.0,7.368421052631579,19.07894736842105,38.6
2014,Indiana St. (MVC),False,34,23,11,67.6,33.2,32.7,0.5,23.941176470588236,53.205882352941174,45.0,23.205882352941178,53.088235294117645,43.7,12.941176470588236,11.235294117647058,1.15,6.264705882352941,17.705882352941178,35.4,16.735294117647058,23.147058823529413,72.3,71.1,68.5,2.6,6.4411764705882355,18.5,34.8
2014,Murray St. (OVC),False,34,23,11,67.6,36.3,34.1,2.1,26.5,55.8235294117647,47.5,26.352941176470587,59.1764705882353,44.5,13.117647058823529,12.352941176470589,1.06,5.4411764705882355,16.88235294117647,32.2,17.441176470588236,25.970588235294116,67.2,77.9,71.9,5.9,7.411764705882353,19.735294117647058,37.6
2014,UTEP (C-USA),False,34,23,11,67.6,36.3,34.6,1.6,23.441176470588236,50.411764705882355,46.5,21.705882352941178,56.88235294117647,38.2,13.470588235294118,13.264705882352942,1.02,5.911764705882353,20.029411764705884,29.5,17.705882352941178,25.88235294117647,68.4,69.0,63.3,5.7,,,
2014,Stony Brook (America East),False,34,23,11,67.6,36.8,31.1,5.6,25.294117647058822,55.88235294117647,45.3,21.88235294117647,52.8235294117647,41.4,12.764705882352942,12.529411764705882,1.02,7.0588235294117645,21.38235294117647,33.0,15.352941176470589,21.323529411764707,72.0,71.4,66.3,5.1,5.411764705882353,15.235294117647058,35.5
2014,Ohio (MAC),False,37,25,12,67.6,35.1,34.6,0.4,25.324324324324323,55.189189189189186,45.9,22.7027027027027,55.270270270270274,41.1,15.108108108108109,12.837837837837839,1.18,5.513513513513513,17.405405405405407,31.7,13.486486486486486,18.89189189189189,71.4,71.5,67.0,4.5,7.405405405405405,21.0,35.3
2014,Vermont (America East),False,33,22,11,66.7,34.3,29.7,4.6,23.78787878787879,50.696969696969695,46.9,20.151515151515152,51.03030303030303,39.5,12.848484848484848,12.0,1.07,5.515151515151516,16.87878787878788,32.7,17.242424242424242,23.78787878787879,72.5,70.7,60.6,10.1,5.909090909090909,14.787878787878787,40.0
2014,Iona (MAAC),False,33,22,11,66.7,33.2,38.2,-5.1,28.696969696969695,58.90909090909091,48.7,29.060606060606062,63.96969696969697,45.4,17.454545454545453,10.575757575757576,1.65,6.606060606060606,19.393939393939394,34.1,16.0,22.393939393939394,71.4,83.6,77.6,6.1,10.242424242424242,25.848484848484848,39.6
2014,Minnesota (Big Ten),True,38,25,13,65.8,33.7,33.1,0.6,24.157894736842106,54.026315789473685,44.7,22.81578947368421,53.578947368421055,42.6,13.894736842105264,11.68421052631579,1.19,6.5,18.973684210526315,34.3,15.973684210526315,21.526315789473685,74.2,71.4,67.7,3.7,7.157894736842105,20.342105263157894,35.2
2014,UC Irvine (Big West),False,35,23,12,65.7,38.6,34.5,4.1,25.97142857142857,55.2,47.0,21.314285714285713,57.05714285714286,37.4,15.6,12.685714285714285,1.23,5.6,16.942857142857143,33.1,12.942857142857143,20.2,64.1,70.5,63.7,6.8,5.628571428571429,15.914285714285715,35.4
2014,Colorado (Pac-12),True,35,23,12,65.7,37.3,31.4,5.9,23.257142857142856,53.457142857142856,43.5,24.485714285714284,56.77142857142857,43.1,11.342857142857143,13.314285714285715,0.85,7.171428571428572,20.17142857142857,35.6,18.514285714285716,25.8,71.8,70.2,68.2,2.0,5.171428571428572,16.257142857142856,31.8
2014,Louisiana (Sun Belt),False,35,23,12,65.7,38.1,34.7,3.4,28.228571428571428,60.77142857142857,46.5,25.885714285714286,58.02857142857143,44.6,13.485714285714286,13.342857142857143,1.01,5.857142857142857,17.542857142857144,33.4,17.514285714285716,26.085714285714285,67.1,81.0,75.2,5.8,7.0285714285714285,19.142857142857142,36.7
2014,Missouri (SEC),True,35,23,12,65.7,36.9,32.1,4.8,23.542857142857144,51.6,45.6,23.8,57.457142857142856,41.4,10.142857142857142,12.628571428571428,0.8,7.314285714285714,22.057142857142857,33.2,20.085714285714285,27.085714285714285,74.2,72.9,69.7,3.2,5.771428571428571,16.771428571428572,34.4
2014,Providence (Big East),False,35,23,12,65.7,36.5,33.2,3.3,24.257142857142856,56.68571428571428,42.8,25.514285714285716,57.628571428571426,44.3,13.6,11.6,1.17,5.371428571428571,16.4,32.8,18.571428571428573,23.742857142857144,78.2,73.3,69.8,3.5,6.228571428571429,17.942857142857143,34.7
2014,Saint Mary's (CA) (WCC),False,35,23,12,65.7,33.9,29.9,4.1,23.4,51.94285714285714,45.0,23.0,51.34285714285714,44.8,12.285714285714286,11.685714285714285,1.05,4.6,13.628571428571428,33.8,17.65714285714286,24.942857142857143,70.8,71.5,65.5,6.0,7.0285714285714285,18.285714285714285,38.4
2014,BYU (WCC),False,35,23,12,65.7,40.9,35.8,5.1,28.914285714285715,62.457142857142856,46.3,26.714285714285715,62.142857142857146,43.0,15.542857142857143,11.285714285714286,1.38,7.4,21.82857142857143,33.9,20.857142857142858,30.142857142857142,69.2,83.7,77.3,6.4,5.057142857142857,14.228571428571428,35.5
2014,Buffalo (MAC),False,29,19,10,65.5,37.0,34.0,3.0,25.137931034482758,56.241379310344826,44.7,23.896551724137932,56.55172413793103,42.3,15.03448275862069,12.586206896551724,1.19,5.620689655172414,18.137931034482758,31.0,16.79310344827586,23.586206896551722,71.2,73.5,67.3,6.2,6.448275862068965,19.24137931034483,33.5
2014,Tennessee (SEC),True,37,24,13,64.9,38.5,29.9,8.5,25.054054054054053,55.351351351351354,45.3,22.243243243243242,53.810810810810814,41.3,12.756756756756756,10.486486486486486,1.22,5.1891891891891895,15.027027027027026,34.5,16.56756756756757,23.027027027027028,71.9,72.2,61.7,10.5,5.54054054054054,17.054054054054053,32.5
2014,Arkansas (SEC),True,34,22,12,64.7,35.9,39.4,-3.5,27.294117647058822,61.911764705882355,44.1,23.794117647058822,58.3235294117647,40.8,15.323529411764707,11.529411764705882,1.33,6.264705882352941,18.08823529411765,34.6,18.058823529411764,24.88235294117647,72.6,80.1,71.3,8.8,7.4411764705882355,20.529411764705884,36.2
2014,Hawaii (Big West),False,31,20,11,64.5,35.9,31.5,4.4,27.93548387096774,59.0,47.3,25.258064516129032,56.516129032258064,44.7,14.096774193548388,11.806451612903226,1.19,6.354838709677419,18.903225806451612,33.6,18.387096774193548,25.451612903225808,72.2,80.0,73.2,6.7,5.709677419354839,17.032258064516128,33.5
2014,Stanford (Pac-12),True,36,23,13,63.9,34.9,33.1,1.8,24.88888888888889,54.166666666666664,45.9,23.444444444444443,55.72222222222222,42.1,11.527777777777779,11.36111111111111,1.01,6.583333333333333,18.88888888888889,34.9,17.11111111111111,24.36111111111111,70.2,72.7,68.3,4.4,5.777777777777778,15.86111111111111,36.4
2014,Clemson (ACC),True,36,23,13,63.9,35.3,33.3,1.9,22.11111111111111,52.19444444444444,42.4,21.61111111111111,54.72222222222222,39.5,10.63888888888889,11.13888888888889,0.96,4.777777777777778,16.75,28.5,14.027777777777779,18.86111111111111,74.4,63.5,58.4,5.1,5.277777777777778,17.02777777777778,31.0
2014,San Francisco (WCC),False,33,21,12,63.6,35.6,32.9,2.8,26.09090909090909,55.121212121212125,47.3,24.363636363636363,55.484848484848484,43.9,14.515151515151516,11.545454545454545,1.26,6.878787878787879,19.666666666666668,35.0,15.848484848484848,24.454545454545453,64.8,74.8,71.4,3.4,6.787878787878788,18.727272727272727,36.2
2014,Utah (Pac-12),True,33,21,12,63.6,35.2,31.5,3.7,26.333333333333332,53.96969696969697,48.8,22.939393939393938,55.78787878787879,41.1,15.272727272727273,12.0,1.27,5.424242424242424,17.636363636363637,30.8,16.272727272727273,21.90909090909091,74.3,75.1,64.3,10.8,6.181818181818182,17.606060606060606,35.1
2014,Arizona St. (Pac-12),True,33,21,12,63.6,35.5,37.9,-2.4,25.333333333333332,56.121212121212125,45.1,24.87878787878788,59.42424242424242,41.9,14.272727272727273,11.424242424242424,1.25,5.303030303030303,16.242424242424242,32.6,16.545454545454547,23.848484848484848,69.4,75.3,69.4,5.9,8.121212121212121,20.848484848484848,39.0
2014,Cleveland St. (Horizon),False,33,21,12,63.6,33.9,32.0,1.9,25.363636363636363,54.121212121212125,46.9,22.12121212121212,52.878787878787875,41.8,14.212121212121213,12.545454545454545,1.13,6.090909090909091,18.545454545454547,32.8,15.030303030303031,19.96969696969697,75.3,73.0,66.2,6.8,7.2727272727272725,18.0,40.4
2014,FGCU (ASUN),False,35,22,13,62.9,36.6,33.8,2.8,26.114285714285714,55.94285714285714,46.7,23.457142857142856,56.82857142857143,41.3,12.771428571428572,13.142857142857142,0.97,6.828571428571428,19.742857142857144,34.6,13.6,20.17142857142857,67.4,71.5,66.8,4.7,5.714285714285714,17.37142857142857,32.9
2014,VMI (Big South),False,35,22,13,62.9,41.5,42.4,-0.9,31.085714285714285,69.74285714285715,44.6,29.8,67.91428571428571,43.9,14.028571428571428,10.6,1.32,6.285714285714286,18.65714285714286,33.7,17.142857142857142,24.057142857142857,71.3,88.3,82.6,5.7,8.942857142857143,27.485714285714284,32.5
2014,Radford (Big South),False,35,22,13,62.9,34.7,33.9,0.7,27.771428571428572,58.142857142857146,47.8,26.428571428571427,56.91428571428571,46.4,13.142857142857142,10.942857142857143,1.2,6.228571428571429,16.428571428571427,37.9,16.114285714285714,23.428571428571427,68.8,78.0,74.3,3.7,6.314285714285714,17.428571428571427,36.2
2014,William & Mary (CAA),False,32,20,12,62.5,31.1,33.8,-2.8,24.9375,52.375,47.6,26.09375,56.84375,45.9,13.96875,10.34375,1.35,7.0,18.6875,37.5,14.46875,20.84375,69.4,73.1,71.3,1.8,8.78125,22.03125,39.9
2014,Utah Valley (WAC),False,32,20,12,62.5,34.0,32.8,1.2,22.84375,52.375,43.6,23.65625,54.59375,43.3,14.15625,11.09375,1.28,5.75,17.90625,32.1,15.34375,20.3125,75.5,67.5,65.4,2.1,6.5,18.75,34.7
2014,Quinnipiac (MAAC),False,32,20,12,62.5,45.4,33.7,11.8,26.09375,61.5,42.4,27.15625,62.9375,43.1,12.625,12.5625,1.0,6.15625,17.75,34.7,21.1875,29.59375,71.6,78.8,76.5,2.3,5.40625,15.15625,35.7
2014,Western Ky. (Sun Belt),False,32,20,12,62.5,36.6,33.2,3.4,22.875,55.1875,41.4,22.96875,53.15625,43.2,11.28125,13.5625,0.83,5.625,16.0,35.2,15.46875,23.59375,65.6,68.6,67.6,1.0,7.34375,21.8125,33.7
2014,Columbia (Ivy League),False,34,21,13,61.8,32.7,29.9,2.8,21.823529411764707,48.88235294117647,44.6,22.029411764705884,51.470588235294116,42.8,12.323529411764707,12.117647058823529,1.02,4.852941176470588,13.794117647058824,35.2,16.205882352941178,20.91176470588235,77.5,68.0,63.3,4.8,8.176470588235293,21.11764705882353,38.7
2014,Boise St. (Mountain West),False,34,21,13,61.8,34.4,30.1,4.3,26.176470588235293,57.411764705882355,45.6,23.794117647058822,53.35294117647059,44.6,11.941176470588236,10.0,1.19,6.411764705882353,18.5,34.7,16.08823529411765,21.470588235294116,74.9,76.2,69.0,7.2,7.764705882352941,20.88235294117647,37.2
2014,Canisius (MAAC),False,34,21,13,61.8,33.4,36.4,-2.9,26.852941176470587,58.5,45.9,26.735294117647058,59.11764705882353,45.2,12.5,11.588235294117647,1.08,7.029411764705882,20.88235294117647,33.7,16.58823529411765,22.41176470588235,74.0,78.3,75.6,2.7,7.970588235294118,20.647058823529413,38.6
2014,Coastal Carolina (Big South),False,34,21,13,61.8,39.3,34.6,4.7,25.323529411764707,57.911764705882355,43.7,22.88235294117647,56.88235294117647,40.2,10.647058823529411,13.911764705882353,0.77,7.764705882352941,24.176470588235293,32.1,15.411764705882353,22.294117647058822,69.1,72.3,68.4,3.9,6.235294117647059,18.470588235294116,33.8
2014,Tulsa (C-USA),False,34,21,13,61.8,36.2,35.7,0.5,24.558823529411764,55.85294117647059,44.0,21.794117647058822,53.8235294117647,40.5,12.558823529411764,11.588235294117647,1.08,6.411764705882353,18.235294117647058,35.2,17.764705882352942,26.294117647058822,67.6,72.7,67.6,5.1,5.794117647058823,17.735294117647058,32.7
2014,Akron (MAC),False,34,21,13,61.8,34.6,33.2,1.4,23.91176470588235,54.55882352941177,43.8,23.794117647058822,54.94117647058823,43.3,11.382352941176471,13.117647058823529,0.87,5.088235294117647,15.205882352941176,33.5,13.735294117647058,22.058823529411764,62.3,68.6,66.9,1.7,7.029411764705882,20.294117647058822,34.6
2014,Xavier (Big East),False,34,21,13,61.8,35.7,31.4,4.2,25.558823529411764,54.411764705882355,47.0,23.441176470588236,54.44117647058823,43.1,14.617647058823529,12.382352941176471,1.18,6.852941176470588,19.441176470588236,35.2,15.588235294117647,22.647058823529413,68.8,71.8,68.1,3.7,5.117647058823529,14.705882352941176,34.8
2014,Oklahoma St. (Big 12),True,34,21,13,61.8,35.4,37.1,-1.7,26.41176470588235,57.088235294117645,46.3,23.558823529411764,57.55882352941177,40.9,13.617647058823529,10.470588235294118,1.3,6.205882352941177,18.970588235294116,32.7,20.38235294117647,28.352941176470587,71.9,80.2,69.6,10.7,7.029411764705882,19.294117647058822,36.4
2014,Wagner (NEC),False,31,19,12,61.3,39.4,37.0,2.4,25.032258064516128,59.645161290322584,42.0,22.516129032258064,57.516129032258064,39.1,11.483870967741936,12.741935483870968,0.9,5.548387096774194,18.516129032258064,30.0,16.0,21.903225806451612,73.0,71.5,68.5,3.1,5.451612903225806,16.29032258064516,33.5
2014,Weber St. (Big Sky),False,31,19,12,61.3,34.4,31.1,3.3,23.612903225806452,49.70967741935484,47.5,24.29032258064516,56.87096774193548,42.7,13.129032258064516,12.32258064516129,1.07,4.32258064516129,13.0,33.3,18.322580645161292,24.741935483870968,74.1,72.7,66.5,6.2,7.161290322580645,18.258064516129032,39.2
2014,Robert Morris (NEC),False,36,22,14,61.1,33.5,34.4,-1.0,24.72222222222222,56.47222222222222,43.8,24.86111111111111,54.94444444444444,45.2,12.36111111111111,11.416666666666666,1.08,7.194444444444445,21.444444444444443,33.5,15.055555555555555,20.694444444444443,72.8,72.0,71.8,0.3,7.527777777777778,19.52777777777778,38.5
2014,Florida St. (ACC),True,36,22,14,61.1,34.9,33.8,1.1,24.25,52.02777777777778,46.6,22.88888888888889,57.361111111111114,39.9,10.694444444444445,14.222222222222221,0.75,6.333333333333333,19.27777777777778,32.9,17.13888888888889,23.75,72.2,70.9,66.4,4.5,5.305555555555555,13.944444444444445,38.0
2014,NC State (ACC),True,36,22,14,61.1,34.4,35.2,-0.8,26.38888888888889,57.22222222222222,46.1,23.63888888888889,55.47222222222222,42.6,12.944444444444445,10.416666666666666,1.24,5.444444444444445,16.97222222222222,32.1,13.916666666666666,21.166666666666668,65.7,71.1,69.6,1.6,,,
2014,American (Patriot),False,33,20,13,60.6,29.9,29.2,0.7,22.666666666666668,46.27272727272727,49.0,20.333333333333332,49.121212121212125,41.4,14.909090909090908,14.06060606060606,1.06,4.878787878787879,15.303030303030303,31.9,11.454545454545455,16.21212121212121,70.7,63.1,59.1,3.9,6.2727272727272725,16.545454545454547,37.9
2014,UNLV (Mountain West),False,33,20,13,60.6,39.8,36.4,3.4,25.272727272727273,57.72727272727273,43.8,24.757575757575758,61.45454545454545,40.3,13.242424242424242,11.121212121212121,1.19,5.181818181818182,17.151515151515152,30.2,14.909090909090908,22.78787878787879,65.4,71.4,65.6,5.8,5.909090909090909,17.939393939393938,32.9
2014,Winthrop (Big South),False,33,20,13,60.6,32.5,34.2,-1.7,24.87878787878788,55.84848484848485,44.5,24.606060606060606,53.36363636363637,46.1,11.454545454545455,12.484848484848484,0.92,6.212121212121212,17.181818181818183,36.2,16.0,22.454545454545453,71.3,74.0,71.4,2.6,8.242424242424242,20.78787878787879,39.7
2014,Davidson (SoCon),False,33,20,13,60.6,32.9,32.9,0.1,27.151515151515152,56.878787878787875,47.7,25.303030303030305,54.03030303030303,46.8,13.666666666666666,11.454545454545455,1.19,5.0606060606060606,14.333333333333334,35.3,15.93939393939394,22.272727272727273,71.6,78.5,72.8,5.7,8.272727272727273,22.0,37.6
2014,Iowa (Big Ten),True,33,20,13,60.6,40.3,33.4,7.0,27.848484848484848,60.121212121212125,46.3,24.363636363636363,58.72727272727273,41.5,16.12121212121212,11.242424242424242,1.43,6.9393939393939394,21.87878787878788,31.7,20.0,27.21212121212121,73.5,81.5,70.3,11.2,5.787878787878788,16.545454545454547,35.0
2014,Kansas St. (Big 12),True,33,20,13,60.6,35.8,34.8,0.9,24.181818181818183,55.75757575757576,43.4,21.90909090909091,53.75757575757576,40.8,15.242424242424242,12.242424242424242,1.25,4.909090909090909,16.757575757575758,29.3,14.727272727272727,22.454545454545453,65.6,69.1,65.4,3.7,6.0,18.12121212121212,33.1
2014,Wofford (SoCon),False,33,20,13,60.6,33.0,31.7,1.3,24.484848484848484,54.666666666666664,44.8,22.03030303030303,49.75757575757576,44.3,12.818181818181818,10.636363636363637,1.21,4.636363636363637,14.484848484848484,32.0,11.909090909090908,17.939393939393938,66.4,66.8,62.2,4.6,5.9393939393939394,16.484848484848484,36.0
2014,St. John's (NY) (Big East),False,33,20,13,60.6,36.8,36.4,0.5,26.272727272727273,59.03030303030303,44.5,23.060606060606062,56.39393939393939,40.9,13.151515151515152,10.696969696969697,1.23,6.363636363636363,18.424242424242426,34.5,15.303030303030303,21.87878787878788,69.9,72.8,67.7,5.1,,,
2014,Missouri St. (MVC),False,33,20,13,60.6,32.7,33.9,-1.2,23.060606060606062,53.484848484848484,43.1,23.242424242424242,52.303030303030305,44.4,12.151515151515152,10.93939393939394,1.11,6.7272727272727275,19.12121212121212,35.2,15.454545454545455,21.818181818181817,70.8,68.5,68.2,0.3,6.96969696969697,19.545454545454547,35.7
2014,Milwaukee (Horizon),False,35,21,14,60.0,33.8,35.5,-1.7,23.085714285714285,53.94285714285714,42.8,24.82857142857143,56.885714285714286,43.6,13.6,13.4,1.01,5.828571428571428,18.771428571428572,31.1,17.257142857142856,23.514285714285716,73.4,70.4,70.5,-0.1,7.0,21.542857142857144,32.5
2014,California (Pac-12),True,35,21,14,60.0,35.6,34.8,0.8,26.314285714285713,57.542857142857144,45.7,24.285714285714285,58.371428571428574,41.6,15.342857142857143,10.17142857142857,1.51,6.171428571428572,17.485714285714284,35.3,14.057142857142857,20.485714285714284,68.6,72.4,69.1,3.3,5.685714285714286,16.457142857142856,34.5
2014,Eastern Mich. (MAC),False,37,22,15,59.5,35.2,38.6,-3.4,22.16216216216216,54.16216216216216,40.9,19.972972972972972,54.08108108108108,36.9,10.621621621621621,11.675675675675675,0.91,6.72972972972973,21.513513513513512,31.3,16.054054054054053,23.675675675675677,67.8,65.4,61.4,4.1,5.054054054054054,16.35135135135135,30.9
2014,Arkansas St. (Sun Belt),False,32,19,13,59.4,34.5,36.6,-2.1,24.90625,56.09375,44.4,25.34375,58.9375,43.0,13.28125,12.1875,1.09,6.25,19.21875,32.5,17.375,23.9375,72.6,76.0,71.8,4.2,8.8125,23.03125,38.3
2014,Southern U. (SWAC),False,32,19,13,59.4,38.8,35.0,3.8,25.71875,56.9375,45.2,19.8125,53.125,37.3,13.09375,13.28125,0.99,5.0,16.84375,29.7,13.875,22.4375,61.8,71.2,62.7,8.5,5.875,17.3125,33.9
2014,Nebraska (Big Ten),True,32,19,13,59.4,33.1,35.0,-1.9,22.46875,52.625,42.7,21.75,51.8125,42.0,9.5,10.90625,0.87,5.8125,18.4375,31.5,15.96875,22.28125,71.7,66.8,65.2,1.6,5.875,17.625,33.3
2014,South Dakota St. (Summit League),False,32,19,13,59.4,35.3,30.0,5.3,24.03125,53.71875,44.7,24.15625,54.25,44.5,13.15625,11.90625,1.1,6.25,17.5,35.7,17.75,23.46875,75.6,72.3,68.7,3.7,6.53125,18.90625,34.5
2014,Alabama St. (SWAC),False,32,19,13,59.4,36.2,36.9,-0.8,24.75,59.125,41.9,24.65625,55.59375,44.4,12.96875,12.28125,1.06,5.1875,16.53125,31.4,15.8125,23.375,67.6,70.8,69.5,1.3,5.46875,19.125,28.6
2014,Holy Cross (Patriot),False,34,20,14,58.8,32.9,31.6,1.3,22.676470588235293,52.794117647058826,43.0,23.529411764705884,53.44117647058823,44.0,11.382352941176471,11.705882352941176,0.97,6.264705882352941,16.735294117647058,37.4,15.235294117647058,20.823529411764707,73.2,67.0,65.2,1.8,6.382352941176471,18.08823529411765,35.3
2014,Morehead St. (OVC),False,34,20,14,58.8,38.5,30.5,8.0,25.323529411764707,56.6764705882353,44.7,23.794117647058822,53.11764705882353,44.8,13.411764705882353,15.588235294117647,0.86,6.205882352941177,17.91176470588235,34.6,20.38235294117647,29.176470588235293,69.9,76.6,73.0,3.5,5.529411764705882,18.5,29.9
2014,LSU (SEC),True,34,20,14,58.8,39.2,36.5,2.8,27.0,60.794117647058826,44.4,24.5,59.11764705882353,41.4,14.117647058823529,13.647058823529411,1.03,6.235294117647059,17.441176470588236,35.8,13.911764705882353,20.794117647058822,66.9,74.7,71.3,3.4,6.794117647058823,19.852941176470587,34.2
2014,Georgia (SEC),True,34,20,14,58.8,37.0,32.4,4.6,22.558823529411764,51.1764705882353,44.1,22.0,54.55882352941177,40.3,10.029411764705882,13.117647058823529,0.76,6.088235294117647,19.058823529411764,31.9,18.88235294117647,27.676470588235293,68.2,68.9,66.8,2.1,,,
2014,Wright St. (Horizon),False,36,21,15,58.3,29.5,31.6,-2.1,22.694444444444443,49.833333333333336,45.5,20.77777777777778,48.94444444444444,42.5,13.694444444444445,13.333333333333334,1.03,5.388888888888889,16.5,32.7,15.694444444444445,21.27777777777778,73.8,67.2,62.1,5.1,6.111111111111111,16.916666666666668,36.1
2014,Hampton (MEAC),False,31,18,13,58.1,37.8,38.9,-1.1,24.096774193548388,57.45161290322581,41.9,22.161290322580644,55.74193548387097,39.8,11.838709677419354,14.741935483870968,0.8,6.064516129032258,17.225806451612904,35.2,19.258064516129032,29.322580645161292,65.7,73.0,70.2,2.7,5.516129032258065,17.225806451612904,32.0
2014,UAB (C-USA),False,31,18,13,58.1,44.5,36.4,8.1,25.806451612903224,61.903225806451616,41.7,25.677419354838708,62.16129032258065,41.3,12.64516129032258,13.0,0.97,6.451612903225806,20.580645161290324,31.3,16.387096774193548,24.903225806451612,65.8,73.1,70.3,2.8,5.096774193548387,16.93548387096774,30.1
2014,Ole Miss (SEC),True,33,19,14,57.6,36.7,39.2,-2.5,25.333333333333332,60.696969696969695,41.7,24.060606060606062,57.39393939393939,41.9,12.515151515151516,11.181818181818182,1.12,7.454545454545454,21.484848484848484,34.7,16.727272727272727,24.03030303030303,69.6,75.2,72.7,2.5,7.818181818181818,23.060606060606062,33.9
2014,Yale (Ivy League),False,33,19,14,57.6,35.7,30.7,5.0,21.848484848484848,52.24242424242424,41.8,22.303030303030305,51.42424242424242,43.4,11.484848484848484,12.93939393939394,0.89,6.575757575757576,18.03030303030303,36.5,17.939393939393938,25.87878787878788,69.3,66.9,66.1,0.8,5.303030303030303,16.12121212121212,32.9
2014,Richmond (Atlantic 10),False,33,19,14,57.6,32.5,38.5,-6.0,22.727272727272727,53.84848484848485,42.2,22.363636363636363,54.27272727272727,41.2,10.575757575757576,10.636363636363637,0.99,5.0606060606060606,16.818181818181817,30.1,14.757575757575758,22.060606060606062,66.9,66.5,65.2,1.4,6.333333333333333,19.666666666666668,32.2
2014,Illinois (Big Ten),True,35,20,15,57.1,33.7,33.2,0.5,22.771428571428572,55.457142857142856,41.1,22.02857142857143,52.371428571428574,42.1,10.028571428571428,10.4,0.96,6.314285714285714,18.428571428571427,34.3,12.685714285714285,17.314285714285713,73.3,64.2,62.2,2.1,6.0,18.914285714285715,31.7
2014,Montana (Big Sky),False,30,17,13,56.7,27.1,32.4,-5.3,23.433333333333334,49.166666666666664,47.7,24.033333333333335,50.56666666666667,47.5,11.333333333333334,9.966666666666667,1.14,5.433333333333334,15.066666666666666,36.1,16.5,22.366666666666667,73.8,70.8,69.0,1.8,7.4,19.766666666666666,37.4
2014,Northern Colo. (Big Sky),False,32,18,14,56.3,32.0,29.8,2.2,27.0,54.75,49.3,24.09375,51.6875,46.6,12.125,11.40625,1.06,6.5,17.3125,37.5,13.9375,20.34375,68.5,73.9,70.3,3.6,5.9375,15.375,38.6
2014,Elon (SoCon),False,32,18,14,56.3,33.9,34.8,-0.8,26.15625,55.90625,46.8,25.1875,57.40625,43.9,13.8125,12.0625,1.15,5.4375,16.25,33.5,14.4375,19.96875,72.3,74.8,71.3,3.5,8.0,21.34375,37.5
2014,Southeast Mo. St. (OVC),False,32,18,14,56.3,37.2,33.2,4.0,30.03125,60.125,49.9,26.21875,58.8125,44.6,16.65625,13.09375,1.27,7.625,20.4375,37.3,16.0625,23.21875,69.2,82.9,78.6,4.4,6.8125,18.96875,35.9
2014,Utah St. (Mountain West),False,32,18,14,56.3,36.4,30.6,5.8,24.4375,54.125,45.2,23.625,55.875,42.3,15.9375,11.03125,1.44,5.875,18.78125,31.3,13.46875,18.34375,73.4,69.2,66.6,2.6,6.875,16.9375,40.6
2014,Bryant (NEC),False,32,18,14,56.3,34.2,36.4,-2.2,26.21875,55.84375,47.0,25.59375,59.0,43.4,13.125,12.40625,1.06,7.59375,21.09375,36.0,14.6875,20.90625,70.3,73.4,72.0,1.4,6.28125,18.84375,33.3
2014,St. Francis Brooklyn (NEC),False,32,18,14,56.3,37.2,34.0,3.2,24.40625,56.65625,43.1,22.40625,54.625,41.0,12.46875,13.15625,0.95,4.8125,14.46875,33.3,14.0625,20.59375,68.3,69.0,66.8,2.1,6.09375,19.34375,31.5
2014,Albany (NY) (America East),False,34,19,15,55.9,34.6,31.2,3.3,22.5,50.970588235294116,44.1,22.794117647058822,54.35294117647059,41.9,11.058823529411764,12.588235294117647,0.88,6.9411764705882355,19.88235294117647,34.9,16.058823529411764,21.41176470588235,75.0,65.9,63.9,1.9,,,
2014,Norfolk St. (MEAC),False,34,19,15,55.9,35.1,31.8,3.4,25.470588235294116,54.8235294117647,46.5,23.176470588235293,54.23529411764706,42.7,13.676470588235293,13.441176470588236,1.02,7.264705882352941,20.794117647058822,34.9,14.970588235294118,21.58823529411765,69.3,71.4,70.5,0.9,5.5,15.647058823529411,35.2
2014,USC Upstate (ASUN),False,34,19,15,55.9,38.1,34.0,4.1,26.176470588235293,57.8235294117647,45.3,23.0,56.6764705882353,40.6,15.470588235294118,12.147058823529411,1.27,7.911764705882353,23.147058823529413,34.2,14.764705882352942,21.88235294117647,67.5,73.3,69.1,4.2,6.176470588235294,19.58823529411765,31.5
2014,Western Caro. (SoCon),False,34,19,15,55.9,36.1,34.5,1.6,25.529411764705884,60.05882352941177,42.5,23.5,52.38235294117647,44.9,12.205882352941176,12.176470588235293,1.0,5.5588235294117645,16.647058823529413,33.4,15.882352941176471,22.176470588235293,71.6,74.2,72.6,1.6,7.294117647058823,20.764705882352942,35.1
2014,Texas Southern (SWAC),False,34,19,15,55.9,36.6,33.6,3.1,25.205882352941178,54.529411764705884,46.2,27.529411764705884,61.029411764705884,45.1,14.0,13.352941176470589,1.05,6.529411764705882,18.11764705882353,36.0,19.205882352941178,26.764705882352942,71.8,76.0,73.9,2.1,6.382352941176471,17.735294117647058,36.0
2014,Northwestern St. (Southland),False,31,17,14,54.8,38.2,40.6,-2.5,30.903225806451612,65.70967741935483,47.0,29.322580645161292,64.61290322580645,45.4,16.548387096774192,13.548387096774194,1.22,7.32258064516129,21.06451612903226,34.8,19.161290322580644,25.870967741935484,74.1,86.6,83.8,2.8,5.67741935483871,17.0,33.4
2014,Charlotte (C-USA),False,31,17,14,54.8,38.3,35.0,3.3,25.419354838709676,57.12903225806452,44.5,25.64516129032258,58.935483870967744,43.5,13.548387096774194,14.741935483870968,0.92,6.67741935483871,20.387096774193548,32.8,14.612903225806452,22.548387096774192,64.8,71.5,71.6,-0.2,6.0,16.870967741935484,35.6
2014,Wyoming (Mountain West),False,33,18,15,54.5,28.9,33.1,-4.2,21.939393939393938,46.45454545454545,47.2,21.757575757575758,53.57575757575758,40.6,12.484848484848484,10.484848484848484,1.19,5.9393939393939394,18.757575757575758,31.7,14.93939393939394,20.87878787878788,71.6,64.5,61.7,2.9,5.7272727272727275,16.303030303030305,35.1
2014,Gardner-Webb (Big South),False,33,18,15,54.5,35.8,34.3,1.6,25.696969696969695,57.42424242424242,44.7,25.21212121212121,55.93939393939394,45.1,15.090909090909092,12.272727272727273,1.23,5.151515151515151,15.909090909090908,32.4,16.78787878787879,24.393939393939394,68.8,73.5,70.0,3.5,5.303030303030303,15.636363636363637,33.9
2014,St. Bonaventure (Atlantic 10),False,33,18,15,54.5,35.3,32.6,2.7,25.939393939393938,57.0,45.5,23.575757575757574,52.75757575757576,44.7,13.424242424242424,12.818181818181818,1.05,6.303030303030303,17.757575757575758,35.5,16.78787878787879,23.454545454545453,71.6,73.4,70.1,3.3,,,
2014,Chattanooga (SoCon),False,33,18,15,54.5,37.4,35.6,1.8,25.21212121212121,58.24242424242424,43.3,27.0,58.42424242424242,46.2,11.848484848484848,13.393939393939394,0.88,5.242424242424242,15.363636363636363,34.1,18.454545454545453,26.242424242424242,70.3,75.4,73.9,1.5,6.545454545454546,19.727272727272727,33.2
2014,Georgetown (Big East),False,33,18,15,54.5,33.4,32.7,0.7,24.272727272727273,52.81818181818182,46.0,21.666666666666668,51.60606060606061,42.0,13.06060606060606,11.727272727272727,1.11,6.151515151515151,18.484848484848484,33.3,17.03030303030303,23.636363636363637,72.1,71.0,68.3,2.7,5.454545454545454,16.454545454545453,33.1
2014,ETSU (ASUN),False,35,19,16,54.3,35.1,38.3,-3.2,25.114285714285714,58.42857142857143,43.0,25.8,58.4,44.2,12.257142857142858,11.657142857142857,1.05,7.685714285714286,23.17142857142857,33.2,18.742857142857144,25.057142857142857,74.8,76.8,76.1,0.7,7.857142857142857,21.65714285714286,36.3
2014,Fresno St. (Mountain West),False,39,21,18,53.8,33.8,36.8,-2.9,24.358974358974358,55.64102564102564,43.8,24.358974358974358,56.84615384615385,42.9,12.051282051282051,10.102564102564102,1.19,5.794871794871795,18.666666666666668,31.0,16.564102564102566,22.666666666666668,73.1,72.7,70.5,2.3,7.461538461538462,20.897435897435898,35.7
2014,Drexel (CAA),False,30,16,14,53.3,35.7,36.6,-0.9,23.933333333333334,56.9,42.1,22.733333333333334,53.53333333333333,42.5,11.766666666666667,8.5,1.38,5.033333333333333,16.333333333333332,30.8,15.8,22.3,70.9,68.8,67.3,1.5,5.133333333333334,16.366666666666667,31.4
2014,Bucknell (Patriot),False,30,16,14,53.3,35.6,31.8,3.8,23.266666666666666,54.233333333333334,42.9,23.233333333333334,54.8,42.4,11.9,10.7,1.11,6.066666666666666,17.9,33.9,12.833333333333334,17.2,74.6,65.9,64.1,1.8,6.533333333333333,16.733333333333334,39.0
2014,UNC Asheville (Big South),False,32,17,15,53.1,37.6,34.6,3.0,26.125,57.25,45.6,26.1875,59.96875,43.7,12.5625,13.6875,0.92,6.71875,19.125,35.1,18.46875,24.78125,74.5,77.7,75.8,1.9,6.96875,18.78125,37.1
2014,Portland St. (Big Sky),False,32,17,15,53.1,30.6,33.7,-3.1,25.0625,54.03125,46.4,25.46875,54.15625,47.0,12.84375,11.4375,1.12,5.78125,15.6875,36.9,16.25,22.21875,73.1,72.5,72.2,0.3,6.125,16.96875,36.1
2014,Maryland (ACC),True,32,17,15,53.1,37.5,34.2,3.3,24.75,57.625,43.0,22.96875,55.03125,41.7,11.6875,12.75,0.92,6.0625,17.78125,34.1,14.375,21.15625,67.9,70.9,67.7,3.3,7.0625,20.625,34.2
2014,Washington (Pac-12),True,32,17,15,53.1,34.5,33.0,1.5,26.09375,58.46875,44.6,26.8125,56.5,47.5,13.34375,11.40625,1.17,4.875,15.3125,31.8,16.46875,21.71875,75.8,74.5,74.7,-0.2,5.84375,17.25,33.9
2014,Indiana (Big Ten),True,32,17,15,53.1,38.8,31.2,7.6,24.375,54.40625,44.8,23.65625,57.40625,41.2,11.5,15.0625,0.76,5.6875,19.03125,29.9,18.0,24.65625,73.0,72.3,67.6,4.7,5.5,16.0,34.4
2014,Marquette (Big East),False,32,17,15,53.1,36.5,33.3,3.2,25.0,56.25,44.4,23.40625,55.375,42.3,14.8125,11.96875,1.24,7.53125,20.625,36.5,17.375,25.1875,69.0,72.2,68.7,3.5,,,
2014,Illinois St. (MVC),False,34,18,16,52.9,34.7,37.4,-2.6,22.558823529411764,55.470588235294116,40.7,22.91176470588235,54.529411764705884,42.0,12.029411764705882,12.352941176470589,0.97,7.029411764705882,19.970588235294116,35.2,16.029411764705884,22.764705882352942,70.4,68.3,68.5,-0.2,7.176470588235294,22.970588235294116,31.2
2014,Pacific (WCC),False,34,18,16,52.9,34.6,31.8,2.8,24.764705882352942,55.55882352941177,44.6,23.705882352941178,52.0,45.6,12.5,12.205882352941176,1.02,7.676470588235294,19.764705882352942,38.8,17.176470588235293,22.441176470588236,76.5,73.1,74.2,-1.1,6.352941176470588,17.647058823529413,36.0
2014,A&M-Corpus Christi (Southland),False,34,18,16,52.9,33.4,31.2,2.2,24.61764705882353,51.88235294117647,47.4,22.91176470588235,51.73529411764706,44.3,12.5,12.147058823529411,1.03,5.911764705882353,17.970588235294116,32.9,15.529411764705882,23.441176470588236,66.2,69.1,68.0,1.1,,,
2014,Texas A&M (SEC),True,34,18,16,52.9,33.7,36.5,-2.8,22.764705882352942,53.55882352941177,42.5,21.294117647058822,53.23529411764706,40.0,12.911764705882353,11.352941176470589,1.14,5.617647058823529,19.529411764705884,28.8,13.352941176470589,20.794117647058822,64.2,64.7,62.8,1.9,5.794117647058823,18.264705882352942,31.7
2014,Valparaiso (Horizon),False,34,18,16,52.9,35.9,31.7,4.2,23.91176470588235,51.11764705882353,46.8,22.205882352941178,56.205882352941174,39.5,12.852941176470589,14.882352941176471,0.86,6.0588235294117645,18.352941176470587,33.0,17.058823529411764,23.235294117647058,73.4,71.7,67.1,4.6,6.852941176470588,18.352941176470587,37.3
2014,Siena (MAAC),False,38,20,18,52.6,37.6,34.9,2.7,23.894736842105264,56.973684210526315,41.9,22.63157894736842,54.68421052631579,41.4,13.526315789473685,13.763157894736842,0.98,5.7368421052631575,17.36842105263158,33.0,17.105263157894736,23.763157894736842,72.0,69.3,70.1,-0.7,,,
2014,Brown (Ivy League),False,29,15,14,51.7,39.8,36.8,3.0,25.344827586206897,58.827586206896555,43.1,23.137931034482758,58.724137931034484,39.4,13.379310344827585,12.931034482758621,1.03,5.620689655172414,18.75862068965517,30.0,13.758620689655173,20.448275862068964,67.3,71.2,67.3,3.9,6.758620689655173,17.79310344827586,38.0
2014,Denver (Summit League),False,31,16,15,51.6,26.1,31.4,-5.3,22.93548387096774,49.516129032258064,46.3,22.193548387096776,46.354838709677416,47.9,15.03225806451613,9.903225806451612,1.52,4.67741935483871,13.419354838709678,34.9,11.903225806451612,16.774193548387096,71.0,65.9,64.5,1.5,8.161290322580646,21.096774193548388,38.7
2014,UNI (MVC),False,31,16,15,51.6,33.0,33.8,-0.8,24.580645161290324,54.61290322580645,45.0,23.903225806451612,54.03225806451613,44.2,14.064516129032258,10.64516129032258,1.32,7.064516129032258,19.580645161290324,36.1,15.096774193548388,20.838709677419356,72.4,72.8,69.3,3.5,8.516129032258064,23.612903225806452,36.1
2014,High Point (Big South),False,31,16,15,51.6,31.8,32.6,-0.9,25.838709677419356,54.774193548387096,47.2,25.806451612903224,55.32258064516129,46.6,14.67741935483871,12.03225806451613,1.22,7.258064516129032,20.516129032258064,35.4,13.35483870967742,18.0,74.2,71.1,72.7,-1.6,6.032258064516129,15.64516129032258,38.6
2014,Miami (FL) (ACC),True,33,17,16,51.5,34.5,32.1,2.5,21.575757575757574,51.21212121212121,42.1,21.060606060606062,51.90909090909091,40.6,10.484848484848484,10.151515151515152,1.03,6.696969696969697,18.848484848484848,35.5,12.696969696969697,18.484848484848484,68.7,61.5,59.5,2.0,5.636363636363637,17.454545454545453,32.3
2014,West Virginia (Big 12),True,33,17,16,51.5,35.6,36.2,-0.6,26.242424242424242,59.78787878787879,43.9,25.363636363636363,56.75757575757576,44.7,13.090909090909092,9.787878787878787,1.34,6.666666666666667,19.333333333333332,34.5,16.848484848484848,23.363636363636363,72.1,77.2,73.4,3.8,7.818181818181818,20.545454545454547,38.1
2014,Oral Roberts (Southland),False,33,17,16,51.5,35.4,32.5,2.8,25.181818181818183,54.72727272727273,46.0,23.727272727272727,54.81818181818182,43.3,12.06060606060606,11.393939393939394,1.06,5.636363636363637,15.575757575757576,36.2,16.303030303030305,22.636363636363637,72.0,71.4,69.3,2.1,,,
2014,Tennessee Tech (OVC),False,33,17,16,51.5,35.4,32.4,3.1,24.90909090909091,54.878787878787875,45.4,23.515151515151516,52.333333333333336,44.9,12.363636363636363,15.090909090909092,0.82,5.7272727272727275,16.303030303030305,35.1,16.575757575757574,24.484848484848484,67.7,72.0,72.0,0.0,5.606060606060606,17.12121212121212,32.7
2014,Wake Forest (ACC),True,33,17,16,51.5,34.6,36.0,-1.3,23.757575757575758,52.72727272727273,45.1,24.818181818181817,58.18181818181818,42.7,13.333333333333334,12.424242424242424,1.07,5.666666666666667,18.060606060606062,31.4,17.151515151515152,26.393939393939394,65.0,69.7,70.9,-1.2,5.03030303030303,15.272727272727273,32.9
2014,Houston (AAC),False,33,17,16,51.5,34.6,35.8,-1.2,25.242424242424242,55.54545454545455,45.4,26.242424242424242,58.75757575757576,44.7,14.727272727272727,12.757575757575758,1.15,6.333333333333333,18.151515151515152,34.9,14.151515151515152,21.21212121212121,66.7,71.1,73.0,-1.9,6.424242424242424,17.515151515151516,36.7
2014,Hartford (America East),False,33,17,16,51.5,27.5,31.8,-4.2,22.151515151515152,48.27272727272727,45.9,23.12121212121212,50.45454545454545,45.8,12.181818181818182,13.878787878787879,0.88,5.515151515151516,16.060606060606062,34.3,13.181818181818182,18.757575757575758,70.3,65.5,66.0,-0.5,8.030303030303031,21.333333333333332,37.6
2014,San Diego (WCC),False,35,18,17,51.4,33.1,32.7,0.5,23.314285714285713,51.857142857142854,45.0,22.742857142857144,53.285714285714285,42.7,11.714285714285714,11.857142857142858,0.99,6.057142857142857,17.82857142857143,34.0,14.428571428571429,20.742857142857144,69.6,67.5,65.2,2.3,6.428571428571429,17.142857142857142,37.5
2014,Old Dominion (C-USA),False,36,18,18,50.0,35.6,33.6,2.0,22.916666666666668,53.55555555555556,42.8,21.583333333333332,51.333333333333336,42.0,10.61111111111111,13.166666666666666,0.81,5.944444444444445,16.583333333333332,35.8,13.083333333333334,21.055555555555557,62.1,64.2,64.5,-0.3,5.277777777777778,16.194444444444443,32.6
2014,North Dakota (Big Sky),False,34,17,17,50.0,31.5,33.9,-2.4,26.147058823529413,57.38235294117647,45.6,25.58823529411765,52.23529411764706,49.0,12.264705882352942,11.147058823529411,1.1,5.0,13.882352941176471,36.0,16.11764705882353,23.441176470588236,68.8,74.3,74.6,-0.3,5.882352941176471,17.970588235294116,32.7
2014,Tulane (C-USA),False,34,17,17,50.0,33.8,33.9,-0.1,20.41176470588235,49.470588235294116,41.3,23.970588235294116,54.088235294117645,44.3,9.235294117647058,12.823529411764707,0.72,6.882352941176471,19.558823529411764,35.2,16.794117647058822,24.205882352941178,69.4,63.6,69.3,-5.7,6.029411764705882,17.205882352941178,35.0
2014,Seton Hall (Big East),False,34,17,17,50.0,32.4,33.0,-0.6,24.0,52.85294117647059,45.4,23.852941176470587,53.76470588235294,44.4,13.294117647058824,12.205882352941176,1.09,6.235294117647059,17.852941176470587,34.9,16.41176470588235,22.764705882352942,72.1,71.8,69.9,2.0,7.411764705882353,20.705882352941178,35.8
2014,East Carolina (C-USA),False,34,17,17,50.0,33.7,35.5,-1.8,23.794117647058822,53.911764705882355,44.1,26.235294117647058,58.14705882352941,45.1,13.470588235294118,11.705882352941176,1.15,6.470588235294118,20.0,32.4,16.764705882352942,23.5,71.3,72.9,70.9,1.9,8.5,23.11764705882353,36.8
2014,Colorado St. (Mountain West),False,32,16,16,50.0,37.6,32.8,4.8,24.0625,56.1875,42.8,24.03125,54.40625,44.2,12.65625,9.15625,1.38,7.1875,19.25,37.3,19.90625,27.40625,72.6,73.3,69.7,3.7,5.3125,16.3125,32.6
2014,Kent St. (MAC),False,32,16,16,50.0,33.6,34.5,-0.9,23.9375,55.8125,42.9,22.40625,52.1875,42.9,11.3125,12.1875,0.93,5.6875,16.84375,33.8,14.5,20.625,70.3,69.6,68.4,1.3,7.25,20.875,34.7
2014,North Texas (C-USA),False,32,16,16,50.0,37.0,37.6,-0.6,24.1875,57.65625,42.0,24.8125,57.59375,43.1,10.125,12.65625,0.8,6.15625,17.625,34.9,16.34375,24.03125,68.0,69.6,72.3,-2.7,,,
2014,Oregon St. (Pac-12),True,32,16,16,50.0,34.3,33.3,1.0,25.78125,52.78125,48.8,26.78125,59.625,44.9,13.4375,13.5,1.0,6.75,18.34375,36.8,18.6875,26.875,69.5,75.8,75.6,0.2,5.53125,14.09375,39.2
2014,North Florida (ASUN),False,32,16,16,50.0,37.0,34.1,2.9,24.65625,55.75,44.2,26.59375,58.15625,45.7,12.53125,15.09375,0.83,5.6875,15.96875,35.6,16.03125,22.75,70.5,72.4,74.3,-1.8,7.09375,19.78125,35.9
2014,Lipscomb (ASUN),False,30,15,15,50.0,33.0,37.5,-4.4,24.233333333333334,56.06666666666667,43.2,26.066666666666666,55.4,47.1,14.033333333333333,12.533333333333333,1.12,7.833333333333333,22.166666666666668,35.3,18.233333333333334,26.666666666666668,68.4,75.9,78.5,-2.6,9.166666666666666,25.9,35.4
2014,CSUN (Big West),False,35,17,18,48.6,35.6,33.0,2.6,25.37142857142857,55.857142857142854,45.4,26.4,58.08571428571429,45.5,13.457142857142857,12.771428571428572,1.05,7.6571428571428575,21.97142857142857,34.9,21.857142857142858,27.62857142857143,79.1,76.8,77.5,-0.7,,,
2014,Mount St. Mary's (NEC),False,33,16,17,48.5,31.9,36.6,-4.7,25.545454545454547,58.27272727272727,43.8,29.09090909090909,58.75757575757576,49.5,11.787878787878787,11.757575757575758,1.0,4.696969696969697,14.06060606060606,33.4,15.818181818181818,21.393939393939394,73.9,75.9,77.8,-1.9,8.969696969696969,25.272727272727273,35.5
2014,Georgia Tech (ACC),True,33,16,17,48.5,36.0,33.2,2.7,24.12121212121212,55.96969696969697,43.1,23.060606060606062,55.0,41.9,13.151515151515152,12.090909090909092,1.09,5.96969696969697,18.0,33.2,13.181818181818182,19.272727272727273,68.4,66.7,66.8,-0.1,5.242424242424242,16.636363636363637,31.5
2014,La Salle (Atlantic 10),False,31,15,16,48.4,35.5,35.5,0.0,23.225806451612904,56.225806451612904,41.3,24.903225806451612,57.16129032258065,43.6,12.419354838709678,11.612903225806452,1.07,5.193548387096774,15.67741935483871,33.1,15.580645161290322,22.0,70.8,67.7,68.4,-0.6,5.709677419354839,17.548387096774192,32.5
2014,Vanderbilt (SEC),True,31,15,16,48.4,34.5,36.1,-1.6,22.225806451612904,51.54838709677419,43.1,23.29032258064516,57.32258064516129,40.6,13.03225806451613,13.35483870967742,0.98,5.838709677419355,19.193548387096776,30.4,13.96774193548387,21.225806451612904,65.8,64.6,65.5,-1.0,6.161290322580645,19.322580645161292,31.9
2014,FIU (C-USA),False,31,15,16,48.4,36.1,34.5,1.5,24.322580645161292,54.225806451612904,44.9,24.70967741935484,57.41935483870968,43.0,10.838709677419354,14.064516129032258,0.77,6.096774193548387,18.677419354838708,32.6,15.096774193548388,22.516129032258064,67.0,68.6,70.0,-1.4,,,
2014,Eastern Wash. (Big Sky),False,31,15,16,48.4,36.5,35.1,1.5,26.225806451612904,57.774193548387096,45.4,26.096774193548388,58.54838709677419,44.6,13.451612903225806,12.03225806451613,1.12,6.451612903225806,18.70967741935484,34.5,15.64516129032258,22.580645161290324,69.3,76.2,75.1,1.1,8.096774193548388,21.838709677419356,37.1
2014,Drake (MVC),False,31,15,16,48.4,32.5,31.5,1.0,23.225806451612904,51.354838709677416,45.2,23.677419354838708,53.12903225806452,44.6,12.741935483870968,11.935483870967742,1.07,6.645161290322581,19.322580645161292,34.4,14.096774193548388,19.741935483870968,71.4,68.3,68.2,0.0,7.709677419354839,19.451612903225808,39.6
2014,Morgan St. (MEAC),False,31,15,16,48.4,38.4,37.9,0.5,25.806451612903224,60.29032258064516,42.8,24.64516129032258,56.806451612903224,43.4,12.709677419354838,13.0,0.98,5.935483870967742,16.677419354838708,35.6,15.32258064516129,25.032258064516128,61.2,71.5,72.2,-0.8,,,
2014,Pepperdine (WCC),False,31,15,16,48.4,34.7,34.5,0.2,24.93548387096774,54.87096774193548,45.4,25.387096774193548,57.83870967741935,43.9,13.806451612903226,12.225806451612904,1.13,6.935483870967742,18.903225806451612,36.7,14.935483870967742,21.322580645161292,70.0,71.2,72.5,-1.3,6.354838709677419,17.774193548387096,35.8
2014,Portland (WCC),False,31,15,16,48.4,36.0,33.5,2.5,26.129032258064516,57.354838709677416,45.6,24.096774193548388,55.96774193548387,43.1,15.225806451612904,11.806451612903226,1.29,6.709677419354839,18.161290322580644,36.9,16.64516129032258,22.64516129032258,73.5,75.1,72.0,3.0,6.161290322580645,15.64516129032258,39.4
2014,Army West Point (Patriot),False,31,15,16,48.4,33.6,35.1,-1.5,25.838709677419356,58.193548387096776,44.4,26.032258064516128,56.61290322580645,46.0,14.064516129032258,12.935483870967742,1.09,6.709677419354839,17.451612903225808,38.4,13.096774193548388,18.70967741935484,70.0,72.4,73.2,-0.8,7.612903225806452,22.483870967741936,33.9
2014,Nicholls (Southland),False,29,14,15,48.3,31.7,34.6,-2.8,24.413793103448278,55.0,44.4,23.344827586206897,50.10344827586207,46.6,13.241379310344827,12.10344827586207,1.09,4.896551724137931,14.379310344827585,34.1,13.517241379310345,21.344827586206897,63.3,68.5,72.9,-4.4,6.137931034482759,20.06896551724138,30.6
2014,Penn St. (Big Ten),True,34,16,18,47.1,35.2,34.5,0.7,24.11764705882353,56.3235294117647,42.8,22.441176470588236,54.205882352941174,41.4,11.294117647058824,10.617647058823529,1.06,6.852941176470588,19.470588235294116,35.2,16.441176470588236,22.176470588235293,74.1,70.9,70.2,0.6,6.176470588235294,19.38235294117647,31.9
2014,Idaho (WAC),False,34,16,18,47.1,34.1,33.9,0.3,24.5,54.85294117647059,44.7,26.264705882352942,56.911764705882355,46.1,11.294117647058824,11.411764705882353,0.99,6.205882352941177,18.470588235294116,33.6,17.029411764705884,24.764705882352942,68.8,72.4,74.6,-2.2,6.352941176470588,17.88235294117647,35.5
2014,Nevada (Mountain West),False,32,15,17,46.9,34.8,35.3,-0.6,24.875,57.34375,43.4,24.875,56.6875,43.9,10.84375,10.40625,1.04,6.96875,20.8125,33.5,15.9375,21.875,72.9,72.4,73.9,-1.5,6.6875,19.8125,33.8
2014,UT Arlington (Sun Belt),False,32,15,17,46.9,37.0,36.7,0.4,25.46875,58.28125,43.7,26.0625,59.3125,43.9,12.1875,13.46875,0.9,9.03125,24.25,37.2,17.3125,24.53125,70.6,76.3,77.8,-1.4,8.09375,23.375,34.6
2014,Purdue (Big Ten),True,32,15,17,46.9,39.3,35.7,3.5,25.6875,60.1875,42.7,24.09375,57.5625,41.9,13.09375,12.28125,1.07,6.34375,19.46875,32.6,15.375,22.90625,67.1,72.3,71.7,0.6,5.5,16.8125,32.7
2014,Little Rock (Sun Belt),False,32,15,17,46.9,36.7,35.5,1.2,24.5,57.625,42.5,23.71875,55.46875,42.8,11.75,13.1875,0.89,7.84375,22.40625,35.0,17.375,23.5625,73.7,71.5,74.1,-2.6,5.125,15.78125,32.5
2014,Long Beach St. (Big West),False,32,15,17,46.9,36.8,35.4,1.4,25.6875,59.5,43.2,24.53125,56.125,43.7,12.65625,12.1875,1.04,6.75,20.25,33.3,12.53125,18.96875,66.1,69.9,70.5,-0.6,5.96875,19.15625,31.2
2014,Youngstown St. (Horizon),False,32,15,17,46.9,33.3,34.2,-0.9,26.125,56.9375,45.9,25.53125,56.21875,45.4,15.59375,11.15625,1.4,6.53125,18.5,35.3,16.875,23.0,73.4,76.9,74.1,2.8,7.78125,22.25,35.0
2014,Northern Ariz. (Big Sky),False,32,15,17,46.9,33.0,29.8,3.2,24.3125,53.59375,45.4,23.4375,51.21875,45.8,10.75,12.625,0.85,7.15625,18.03125,39.7,13.0625,18.3125,71.3,67.0,68.4,-1.4,5.3125,15.15625,35.1
2014,Notre Dame (ACC),True,32,15,17,46.9,33.8,32.6,1.2,26.21875,57.5625,45.5,25.0625,55.625,45.1,15.125,10.34375,1.46,7.03125,18.25,38.5,12.40625,17.28125,71.8,72.0,70.6,1.4,7.125,19.90625,35.8
2014,Auburn (SEC),True,30,14,16,46.7,34.1,35.1,-1.0,24.1,55.2,43.7,23.166666666666668,53.833333333333336,43.0,11.633333333333333,12.1,0.96,7.3,18.866666666666667,38.7,17.533333333333335,24.333333333333332,72.1,71.5,71.8,-0.4,5.733333333333333,18.466666666666665,31.0
2014,Sacramento St. (Big Sky),False,30,14,16,46.7,31.6,31.6,0.0,24.5,53.266666666666666,46.0,23.233333333333334,50.46666666666667,46.0,13.4,11.266666666666667,1.19,5.666666666666667,16.466666666666665,34.4,13.9,19.166666666666668,72.5,69.0,69.3,-0.3,6.1,16.366666666666667,37.3
2014,Alabama A&M (SWAC),False,30,14,16,46.7,33.9,38.3,-4.4,21.866666666666667,53.4,40.9,21.333333333333332,52.53333333333333,40.6,12.666666666666666,13.233333333333333,0.96,4.9,14.9,32.9,14.733333333333333,22.433333333333334,65.7,64.5,66.8,-2.3,6.066666666666666,18.7,32.4
2014,Butler (Big East),False,31,14,17,45.2,34.6,34.1,0.5,24.35483870967742,56.70967741935484,42.9,24.741935483870968,55.29032258064516,44.7,11.129032258064516,10.0,1.11,5.258064516129032,17.06451612903226,30.8,13.935483870967742,21.096774193548388,66.1,68.5,66.6,2.0,5.903225806451613,18.29032258064516,32.3
2014,Saint Peter's (MAAC),False,31,14,17,45.2,34.0,34.5,-0.6,21.258064516129032,52.225806451612904,40.7,22.322580645161292,53.193548387096776,42.0,9.774193548387096,12.03225806451613,0.81,6.032258064516129,18.129032258064516,33.3,15.483870967741936,22.0,70.4,63.3,65.9,-2.6,5.258064516129032,16.64516129032258,31.6
2014,Rider (MAAC),False,31,14,17,45.2,33.5,34.3,-0.7,23.967741935483872,54.96774193548387,43.6,25.838709677419356,55.0,47.0,12.161290322580646,13.193548387096774,0.92,7.580645161290323,19.70967741935484,38.5,18.35483870967742,25.096774193548388,73.1,73.9,76.6,-2.6,7.645161290322581,19.258064516129032,39.7
2014,Montana St. (Big Sky),False,31,14,17,45.2,31.2,32.7,-1.5,23.741935483870968,53.58064516129032,44.3,24.161290322580644,51.87096774193548,46.6,10.483870967741936,11.516129032258064,0.91,7.096774193548387,19.225806451612904,36.9,14.580645161290322,20.516129032258064,71.1,68.0,69.8,-1.8,5.967741935483871,16.838709677419356,35.4
2014,NJIT (Independent),False,29,13,16,44.8,34.1,35.4,-1.2,25.103448275862068,56.48275862068966,44.4,23.344827586206897,55.172413793103445,42.3,13.586206896551724,13.068965517241379,1.04,7.413793103448276,21.896551724137932,33.9,15.0,20.79310344827586,72.1,72.7,71.1,1.6,7.448275862068965,19.93103448275862,37.4
2014,Ga. Southern (SoCon),False,34,15,19,44.1,35.2,35.3,-0.1,24.705882352941178,56.6764705882353,43.6,25.323529411764707,56.55882352941177,44.8,9.617647058823529,11.911764705882353,0.81,7.0588235294117645,20.676470588235293,34.1,14.235294117647058,21.5,66.2,70.8,70.4,0.3,7.117647058823529,21.058823529411764,33.8
2014,UNC Greensboro (SoCon),False,32,14,18,43.8,36.6,35.1,1.6,25.25,57.34375,44.0,24.9375,56.9375,43.8,11.875,13.96875,0.85,6.4375,19.125,33.7,15.125,22.0,68.8,70.8,74.2,-3.3,5.21875,15.25,34.2
2014,Col. of Charleston (CAA),False,32,14,18,43.8,37.9,32.4,5.5,22.15625,53.71875,41.2,21.53125,52.625,40.9,10.125,12.78125,0.79,4.9375,14.40625,34.3,12.15625,18.53125,65.6,63.0,62.7,0.3,6.53125,19.15625,34.1
2014,Florida A&M (MEAC),False,32,14,18,43.8,39.2,40.0,-0.8,25.28125,62.8125,40.2,24.125,56.5,42.7,11.25,14.5625,0.77,5.3125,16.09375,33.0,14.0625,21.5,65.4,71.3,74.1,-2.8,6.65625,19.90625,33.4
2014,Lehigh (Patriot),False,32,14,18,43.8,33.3,36.7,-3.4,23.6875,54.875,43.2,24.84375,58.5,42.5,13.0,11.96875,1.09,6.59375,19.40625,34.0,12.6875,17.9375,70.7,66.3,69.0,-2.7,6.21875,17.34375,35.9
2014,Rhode Island (Atlantic 10),False,32,14,18,43.8,36.0,33.8,2.2,23.5625,53.21875,44.3,23.8125,55.46875,42.9,12.03125,14.09375,0.85,4.46875,15.59375,28.7,15.90625,24.34375,65.3,67.8,68.1,-0.3,,,
2014,Texas Tech (Big 12),True,32,14,18,43.8,32.9,29.9,3.0,24.46875,53.6875,45.6,22.875,52.34375,43.7,11.4375,12.03125,0.95,6.4375,19.5,33.0,15.125,20.78125,72.8,68.4,68.4,0.0,,,
2014,Seattle U (WAC),False,30,13,17,43.3,38.4,33.1,5.2,25.333333333333332,59.93333333333333,42.3,22.933333333333334,54.1,42.4,13.133333333333333,13.966666666666667,0.94,6.2,18.366666666666667,33.8,13.233333333333333,20.3,65.2,71.3,70.6,0.7,7.4,21.9,33.8
2014,Duquesne (Atlantic 10),False,30,13,17,43.3,35.3,35.3,0.1,25.033333333333335,56.63333333333333,44.2,26.0,57.06666666666667,45.6,15.233333333333333,11.033333333333333,1.38,8.8,22.366666666666667,39.3,16.0,23.9,66.9,73.3,73.7,-0.4,7.266666666666667,20.0,36.3
2014,Dartmouth (Ivy League),False,28,12,16,42.9,33.1,31.0,2.0,24.035714285714285,54.107142857142854,44.4,21.5,48.42857142857143,44.4,12.571428571428571,12.0,1.05,6.0,16.5,36.4,13.75,20.035714285714285,68.6,68.0,66.6,1.5,6.214285714285714,16.357142857142858,38.0
2014,Evansville (MVC),False,33,14,19,42.4,32.0,34.1,-2.1,23.484848484848484,50.666666666666664,46.4,25.181818181818183,56.42424242424242,44.6,14.696969696969697,12.818181818181818,1.15,7.212121212121212,20.242424242424242,35.6,18.060606060606062,25.151515151515152,71.8,69.4,72.2,-2.8,,,
2014,Mississippi St. (SEC),True,33,14,19,42.4,32.9,35.2,-2.3,23.78787878787879,53.81818181818182,44.2,25.666666666666668,56.72727272727273,45.2,12.151515151515152,13.909090909090908,0.87,6.636363636363637,20.363636363636363,32.6,15.454545454545455,23.303030303030305,66.3,67.7,71.3,-3.6,,,
2014,Southern Ill. (MVC),False,33,14,19,42.4,33.5,31.5,1.9,23.666666666666668,52.03030303030303,45.5,22.272727272727273,50.84848484848485,43.8,10.0,12.242424242424242,0.82,6.757575757575758,20.151515151515152,33.5,15.090909090909092,22.454545454545453,67.2,66.9,66.9,0.0,,,
2014,Northwestern (Big Ten),True,33,14,19,42.4,32.5,37.1,-4.5,20.151515151515152,50.878787878787875,39.6,22.272727272727273,54.18181818181818,41.1,11.030303030303031,10.909090909090908,1.01,5.181818181818182,16.424242424242426,31.5,12.636363636363637,18.060606060606062,70.0,59.5,63.4,-3.8,6.575757575757576,21.454545454545453,30.6
2014,Santa Clara (WCC),False,33,14,19,42.4,32.0,35.6,-3.6,23.87878787878788,56.15151515151515,42.5,24.181818181818183,52.78787878787879,45.8,12.212121212121213,9.969696969696969,1.22,4.606060606060606,12.909090909090908,35.7,15.636363636363637,21.333333333333332,73.3,70.9,70.5,0.5,7.515151515151516,20.545454545454547,36.6
2014,New Orleans (Southland),False,26,11,15,42.3,37.2,34.8,2.4,23.653846153846153,55.11538461538461,42.9,26.846153846153847,57.73076923076923,46.5,12.153846153846153,16.807692307692307,0.72,5.961538461538462,17.03846153846154,35.0,18.923076923076923,27.76923076923077,68.1,71.5,76.4,-5.0,5.230769230769231,15.423076923076923,33.9
2014,Charleston So. (Big South),False,31,13,18,41.9,37.4,34.7,2.7,27.70967741935484,60.516129032258064,45.8,24.741935483870968,57.193548387096776,43.3,13.67741935483871,10.774193548387096,1.27,7.806451612903226,20.225806451612904,38.6,16.225806451612904,22.29032258064516,72.8,81.4,72.3,9.1,9.741935483870968,25.451612903225808,38.3
2014,Colgate (Patriot),False,31,13,18,41.9,30.8,31.9,-1.1,25.322580645161292,52.32258064516129,48.4,24.096774193548388,53.96774193548387,44.7,14.193548387096774,11.451612903225806,1.24,6.129032258064516,18.29032258064516,33.5,10.580645161290322,14.806451612903226,71.5,69.6,67.2,2.4,8.387096774193548,21.193548387096776,39.6
2014,Miami (OH) (MAC),False,31,13,18,41.9,31.2,34.1,-2.9,23.29032258064516,53.67741935483871,43.4,24.741935483870968,53.74193548387097,46.0,12.483870967741936,13.548387096774194,0.92,8.32258064516129,21.967741935483872,37.9,13.96774193548387,18.516129032258064,75.4,65.3,69.7,-4.4,,,
2014,UCF (AAC),False,31,13,18,41.9,38.2,35.0,3.2,25.903225806451612,59.064516129032256,43.9,26.93548387096774,58.645161290322584,45.9,12.548387096774194,13.67741935483871,0.92,6.161290322580645,17.677419354838708,34.9,13.935483870967742,22.70967741935484,61.4,72.7,73.6,-0.9,6.935483870967742,20.70967741935484,33.5
2014,Ark.-Pine Bluff (SWAC),False,31,13,18,41.9,30.5,34.9,-4.4,21.258064516129032,51.774193548387096,41.1,23.451612903225808,50.29032258064516,46.6,11.290322580645162,15.419354838709678,0.73,6.548387096774194,18.258064516129032,35.9,14.387096774193548,21.774193548387096,66.1,63.1,70.6,-7.5,6.225806451612903,18.129032258064516,34.3
2014,South Carolina (SEC),True,34,14,20,41.2,35.4,32.3,3.1,22.5,54.5,41.3,22.147058823529413,50.85294117647059,43.6,12.235294117647058,14.264705882352942,0.86,5.735294117647059,17.61764705882353,32.6,17.58823529411765,24.91176470588235,70.6,68.3,69.9,-1.6,5.735294117647059,15.176470588235293,37.8
2014,Cal Poly (Big West),False,34,14,20,41.2,32.2,33.8,-1.6,22.176470588235293,54.411764705882355,40.8,21.735294117647058,50.11764705882353,43.4,11.588235294117647,8.911764705882353,1.3,5.382352941176471,15.911764705882353,33.8,12.205882352941176,17.735294117647058,68.8,63.0,63.6,-0.6,6.411764705882353,19.235294117647058,33.3
2014,Chicago St. (WAC),False,32,13,19,40.6,31.3,40.2,-8.8,24.59375,58.875,41.8,24.625,54.125,45.5,11.1875,12.15625,0.92,6.96875,19.84375,35.1,13.6875,20.28125,67.5,69.8,76.2,-6.5,6.875,20.40625,33.7
2014,CSU Bakersfield (WAC),False,32,13,19,40.6,34.9,32.7,2.2,23.96875,54.75,43.8,22.1875,51.3125,43.2,12.0,13.84375,0.87,5.625,18.0,31.3,14.375,20.90625,68.8,69.2,68.4,0.8,6.90625,17.75,38.9
2014,Savannah St. (MEAC),False,32,13,19,40.6,33.5,35.2,-1.7,21.65625,51.65625,41.9,21.03125,51.28125,41.0,10.4375,15.6875,0.67,4.5625,14.75,30.9,13.28125,20.375,65.2,61.5,64.3,-2.8,,,
2014,LMU (CA) (WCC),False,32,13,19,40.6,33.8,36.3,-2.5,26.1875,59.875,43.7,26.5625,57.0,46.6,12.625,12.15625,1.04,6.15625,16.6875,36.9,16.5,21.65625,76.2,73.3,77.1,-3.8,,,
2014,Detroit Mercy (Horizon),False,32,13,19,40.6,36.7,34.8,1.8,24.3125,58.21875,41.8,23.0625,53.875,42.8,11.5625,12.75,0.91,6.75,18.6875,36.1,16.5,22.625,72.9,71.1,70.8,0.3,5.96875,18.59375,32.1
2014,Alabama (SEC),True,32,13,19,40.6,32.8,34.9,-2.1,23.15625,52.15625,44.4,22.71875,54.25,41.9,10.96875,11.875,0.92,5.53125,17.96875,30.8,15.78125,23.03125,68.5,67.8,67.2,0.6,5.71875,17.125,33.4
2014,Southeastern La. (Southland),False,30,12,18,40.0,31.9,36.3,-4.3,23.8,53.733333333333334,44.3,25.2,55.93333333333333,45.1,11.7,12.1,0.97,5.766666666666667,16.9,34.1,15.1,21.666666666666668,69.7,69.5,72.4,-2.9,6.8,18.666666666666668,36.4
2014,South Dakota (Summit League),False,30,12,18,40.0,32.8,33.4,-0.7,23.766666666666666,53.766666666666666,44.2,24.7,56.266666666666666,43.9,12.7,12.366666666666667,1.03,7.333333333333333,19.133333333333333,38.3,15.566666666666666,20.733333333333334,75.1,69.5,71.7,-2.3,6.366666666666666,17.966666666666665,35.4
2014,Air Force (Mountain West),False,30,12,18,40.0,32.4,33.9,-1.5,22.633333333333333,52.03333333333333,43.5,23.0,53.166666666666664,43.3,13.966666666666667,13.333333333333334,1.05,7.066666666666666,21.566666666666666,32.8,13.533333333333333,19.6,69.0,66.0,69.1,-3.1,7.2,21.766666666666666,33.1
2014,Austin Peay (OVC),False,30,12,18,40.0,33.3,35.1,-1.8,26.566666666666666,54.4,48.8,27.933333333333334,60.56666666666667,46.1,14.8,15.7,0.94,7.8,21.7,35.9,17.833333333333332,26.8,66.5,76.2,78.9,-2.7,5.266666666666667,15.3,34.4
2014,Jacksonville (ASUN),False,30,12,18,40.0,34.2,36.9,-2.6,25.2,57.63333333333333,43.7,28.2,58.5,48.2,13.1,13.633333333333333,0.96,7.766666666666667,20.366666666666667,38.1,17.7,24.966666666666665,70.9,74.4,79.5,-5.1,6.266666666666667,18.433333333333334,34.0
2014,Samford (SoCon),False,33,13,20,39.4,32.1,35.0,-3.0,25.727272727272727,54.303030303030305,47.4,25.90909090909091,55.96969696969697,46.3,13.636363636363637,12.757575757575758,1.07,6.818181818181818,18.424242424242426,37.0,14.181818181818182,20.96969696969697,67.6,70.5,76.4,-5.9,,,
2014,Oakland (Horizon),False,33,13,20,39.4,31.1,36.1,-5.1,24.87878787878788,57.27272727272727,43.4,26.242424242424242,54.121212121212125,48.5,15.818181818181818,11.121212121212121,1.42,8.454545454545455,21.78787878787879,38.8,16.181818181818183,22.181818181818183,73.0,74.4,77.4,-3.0,8.454545454545455,22.848484848484848,37.0
2014,Marist (MAAC),False,31,12,19,38.7,34.1,37.0,-2.9,22.870967741935484,56.0,40.8,25.161290322580644,56.45161290322581,44.6,11.03225806451613,12.387096774193548,0.89,6.806451612903226,17.838709677419356,38.2,16.129032258064516,22.580645161290324,71.4,68.4,72.0,-3.7,6.483870967741935,18.70967741935484,34.7
2014,Alcorn (SWAC),False,31,12,19,38.7,30.9,34.4,-3.5,22.35483870967742,53.483870967741936,41.8,23.35483870967742,54.29032258064516,43.0,9.225806451612904,11.483870967741936,0.8,5.774193548387097,16.838709677419356,34.3,14.935483870967742,22.838709677419356,65.4,64.0,67.8,-3.7,,,
2014,Idaho St. (Big Sky),False,29,11,18,37.9,34.9,31.8,3.1,23.93103448275862,53.3448275862069,44.9,24.344827586206897,53.86206896551724,45.2,11.758620689655173,12.413793103448276,0.95,8.758620689655173,23.103448275862068,37.9,17.24137931034483,24.17241379310345,71.3,70.8,70.2,0.6,5.724137931034483,15.620689655172415,36.6
2014,Bradley (MVC),False,32,12,20,37.5,33.3,33.3,-0.1,22.53125,53.75,41.9,22.0,50.4375,43.6,9.5625,11.96875,0.8,6.4375,19.71875,32.6,13.75,19.625,70.1,63.6,66.0,-2.4,,,
2014,Campbell (Big South),False,32,12,20,37.5,32.8,35.1,-2.3,24.09375,54.59375,44.1,25.875,56.46875,45.8,14.1875,13.34375,1.06,5.75,16.75,34.3,10.75,15.875,67.7,67.6,71.6,-4.0,8.6875,24.84375,35.0
2014,South Fla. (AAC),False,32,12,20,37.5,35.1,35.1,-0.1,23.46875,54.03125,43.4,25.28125,57.21875,44.2,12.5625,12.84375,0.98,6.34375,17.15625,37.0,15.65625,23.65625,66.2,65.6,70.8,-5.1,,,
2014,Bowling Green (MAC),False,32,12,20,37.5,35.4,35.6,-0.2,23.21875,54.5625,42.6,22.375,54.375,41.1,12.09375,14.65625,0.83,6.21875,17.8125,34.9,12.53125,19.6875,63.7,62.7,64.2,-1.5,,,
2014,Coppin St. (MEAC),False,32,12,20,37.5,33.6,39.2,-5.6,22.5625,57.5,39.2,26.8125,57.875,46.3,11.53125,11.875,0.97,7.75,21.75,35.6,17.25,23.625,73.0,69.7,75.1,-5.4,7.34375,22.65625,32.4
2014,ULM (Sun Belt),False,27,10,17,37.0,34.9,35.0,0.0,23.25925925925926,54.44444444444444,42.7,24.14814814814815,56.148148148148145,43.0,12.62962962962963,13.25925925925926,0.95,6.555555555555555,20.11111111111111,32.6,12.555555555555555,19.85185185185185,63.2,64.4,68.6,-4.2,5.296296296296297,16.666666666666668,31.8
2014,Central Conn. St. (NEC),False,30,11,19,36.7,34.5,39.6,-5.0,26.033333333333335,59.8,43.5,27.7,61.63333333333333,44.9,13.033333333333333,14.0,0.93,7.566666666666666,20.8,36.4,12.866666666666667,17.933333333333334,71.7,70.6,77.3,-6.7,5.633333333333334,16.8,33.5
2014,Eastern Ill. (OVC),False,30,11,19,36.7,32.4,32.9,-0.6,23.433333333333334,53.266666666666666,44.0,24.833333333333332,53.03333333333333,46.8,11.966666666666667,13.3,0.9,6.833333333333333,17.466666666666665,39.1,15.733333333333333,22.0,71.5,67.7,73.5,-5.9,5.066666666666666,15.866666666666667,31.9
2014,Loyola Maryland (Patriot),False,30,11,19,36.7,31.2,36.3,-5.1,22.666666666666668,54.733333333333334,41.4,24.566666666666666,53.56666666666667,45.9,11.2,11.9,0.94,6.766666666666667,16.733333333333334,40.4,15.066666666666666,22.6,66.7,65.2,71.9,-6.7,,,
2014,Rutgers (AAC),False,33,12,21,36.4,35.4,36.1,-0.6,24.939393939393938,58.515151515151516,42.6,25.303030303030305,56.60606060606061,44.7,12.666666666666666,12.636363636363637,1.0,7.212121212121212,19.454545454545453,37.1,15.212121212121213,21.545454545454547,70.6,71.1,76.2,-5.1,6.03030303030303,17.96969696969697,33.6
2014,DePaul (Big East),False,33,12,21,36.4,33.9,34.2,-0.3,23.696969696969695,56.0,42.3,25.696969696969695,53.57575757575758,48.0,10.878787878787879,13.454545454545455,0.81,6.363636363636363,17.0,37.4,16.09090909090909,23.515151515151516,68.4,69.4,75.4,-6.0,5.909090909090909,17.575757575757574,33.6
2014,Cal St. Fullerton (Big West),False,31,11,20,35.5,33.7,35.0,-1.3,23.677419354838708,55.67741935483871,42.5,24.451612903225808,53.41935483870968,45.8,11.064516129032258,11.935483870967742,0.93,5.258064516129032,15.483870967741936,34.0,13.96774193548387,21.225806451612904,65.8,67.5,71.5,-4.0,6.161290322580645,18.612903225806452,33.1
2014,George Mason (Atlantic 10),False,31,11,20,35.5,34.5,33.6,0.9,24.387096774193548,55.45161290322581,44.0,24.06451612903226,54.096774193548384,44.5,10.935483870967742,13.580645161290322,0.81,6.064516129032258,18.096774193548388,33.5,15.774193548387096,22.258064516129032,70.9,69.5,72.0,-2.5,,,
2014,Jackson St. (SWAC),False,31,11,20,35.5,35.5,33.8,1.6,22.870967741935484,54.774193548387096,41.8,21.741935483870968,50.45161290322581,43.1,9.451612903225806,14.935483870967742,0.63,6.387096774193548,18.419354838709676,34.7,16.06451612903226,22.193548387096776,72.4,65.7,68.7,-3.1,,,
2014,James Madison (CAA),False,31,11,20,35.5,33.7,35.1,-1.4,20.870967741935484,51.03225806451613,40.9,22.483870967741936,53.225806451612904,42.2,8.774193548387096,12.225806451612904,0.72,7.290322580645161,20.741935483870968,35.1,16.580645161290324,24.193548387096776,68.5,63.2,68.7,-5.5,,,
2014,Troy (Sun Belt),False,31,11,20,35.5,35.5,35.5,0.1,22.677419354838708,54.45161290322581,41.6,25.677419354838708,57.774193548387096,44.4,11.064516129032258,12.612903225806452,0.88,6.193548387096774,19.225806451612904,32.2,16.0,24.193548387096776,66.1,68.4,70.0,-1.6,7.064516129032258,20.806451612903224,34.0
2014,McNeese (Southland),False,31,11,20,35.5,36.8,39.5,-2.7,23.516129032258064,59.935483870967744,39.2,26.258064516129032,59.54838709677419,44.1,11.903225806451612,12.806451612903226,0.93,7.903225806451613,20.838709677419356,37.9,14.516129032258064,20.870967741935484,69.6,68.1,76.1,-8.0,6.548387096774194,21.483870967741936,30.5
2014,South Alabama (Sun Belt),False,31,11,20,35.5,37.3,36.2,1.1,23.06451612903226,57.25806451612903,40.3,24.483870967741936,56.45161290322581,43.4,11.258064516129032,12.258064516129032,0.92,5.806451612903226,17.096774193548388,34.0,14.935483870967742,21.903225806451612,68.2,68.8,70.4,-1.5,7.774193548387097,23.35483870967742,33.3
2014,SIUE (OVC),False,31,11,20,35.5,31.1,34.0,-2.9,26.0,55.32258064516129,47.0,27.451612903225808,55.25806451612903,49.7,14.03225806451613,13.838709677419354,1.01,5.935483870967742,17.193548387096776,34.5,13.838709677419354,20.806451612903224,66.5,73.0,76.3,-3.2,7.193548387096774,19.032258064516128,37.8
2014,Lafayette (Patriot),False,31,11,20,35.5,29.9,33.3,-3.4,25.193548387096776,53.58064516129032,47.0,26.096774193548388,55.41935483870968,47.1,12.903225806451612,12.35483870967742,1.04,7.709677419354839,20.677419354838708,37.3,13.516129032258064,18.161290322580644,74.4,71.4,74.7,-3.3,7.451612903225806,18.70967741935484,39.8
2014,Liberty (Big South),False,32,11,21,34.4,37.1,30.6,6.4,25.5,55.65625,45.8,23.96875,55.375,43.3,13.21875,13.25,1.0,7.375,21.375,34.5,13.6875,19.4375,70.4,70.3,69.8,0.5,5.625,15.6875,35.9
2014,Southern California (Pac-12),True,32,11,21,34.4,37.0,36.9,0.1,25.03125,57.0,43.9,26.34375,61.3125,43.0,12.625,14.03125,0.9,6.8125,21.0625,32.3,15.9375,23.78125,67.0,70.6,75.3,-4.8,,,
2014,Northeastern (CAA),False,32,11,21,34.4,34.9,33.2,1.7,22.9375,52.875,43.4,24.9375,55.21875,45.2,11.59375,13.125,0.88,6.25,16.84375,37.1,15.15625,23.5,64.5,65.9,68.7,-2.8,,,
2014,Monmouth (MAAC),False,32,11,21,34.4,37.0,36.1,0.9,24.25,57.6875,42.0,23.625,53.78125,43.9,12.0625,14.4375,0.84,7.84375,22.21875,35.3,14.96875,23.40625,64.0,69.0,73.1,-4.1,5.53125,16.46875,33.6
2014,Marshall (C-USA),False,33,11,22,33.3,37.0,38.4,-1.4,25.363636363636363,58.72727272727273,43.2,25.303030303030305,57.24242424242424,44.2,12.030303030303031,12.93939393939394,0.93,5.96969696969697,18.90909090909091,31.6,15.424242424242424,24.78787878787879,62.2,72.3,72.0,0.3,6.121212121212121,19.848484848484848,30.8
2014,Kansas City (WAC),False,30,10,20,33.3,32.7,37.5,-4.7,24.3,56.56666666666667,43.0,26.1,56.4,46.3,11.633333333333333,13.233333333333333,0.88,6.9,19.833333333333332,34.8,15.333333333333334,24.166666666666668,63.4,69.5,76.5,-7.0,5.566666666666666,18.4,30.3
2014,Western Ill. (Summit League),False,30,10,20,33.3,30.5,31.0,-0.5,22.233333333333334,48.9,45.5,20.833333333333332,49.36666666666667,42.2,12.433333333333334,13.333333333333334,0.93,5.433333333333334,16.233333333333334,33.5,12.066666666666666,18.166666666666668,66.4,61.3,62.7,-1.4,,,
2014,Prairie View (SWAC),False,34,11,23,32.4,34.2,38.9,-4.6,23.91176470588235,57.3235294117647,41.7,25.970588235294116,56.029411764705884,46.4,10.647058823529411,14.411764705882353,0.74,6.088235294117647,17.558823529411764,34.7,15.088235294117647,23.264705882352942,64.9,69.5,77.1,-7.7,6.5588235294117645,19.147058823529413,34.3
2014,Central Mich. (MAC),False,31,10,21,32.3,31.3,34.1,-2.8,24.70967741935484,57.0,43.4,26.0,53.0,49.1,11.96774193548387,10.67741935483871,1.12,6.935483870967742,19.516129032258064,35.5,15.0,21.129032258064516,71.0,72.5,73.8,-1.4,8.03225806451613,25.06451612903226,32.0
2014,Fairleigh Dickinson (NEC),False,31,10,21,32.3,31.6,38.0,-6.4,23.93548387096774,56.96774193548387,42.0,24.806451612903224,55.29032258064516,44.9,10.935483870967742,11.741935483870968,0.93,6.967741935483871,18.806451612903224,37.0,14.419354838709678,20.032258064516128,72.0,69.6,76.1,-6.5,7.290322580645161,20.516129032258064,35.5
2014,Washington St. (Pac-12),True,31,10,21,32.3,32.8,33.6,-0.8,21.096774193548388,52.67741935483871,40.0,22.870967741935484,50.645161290322584,45.2,10.483870967741936,11.451612903225806,0.92,6.064516129032258,16.483870967741936,36.8,12.64516129032258,19.225806451612904,65.8,62.4,67.1,-4.7,7.548387096774194,23.0,32.8
2014,Jacksonville St. (OVC),False,31,10,21,32.3,30.6,33.7,-3.1,22.096774193548388,52.67741935483871,41.9,24.06451612903226,50.29032258064516,47.9,11.806451612903226,11.32258064516129,1.04,5.290322580645161,13.935483870967742,38.0,15.129032258064516,22.419354838709676,67.5,65.0,70.2,-5.2,5.645161290322581,17.451612903225808,32.3
2014,Saint Francis (PA) (NEC),False,31,10,21,32.3,30.1,35.8,-5.6,21.774193548387096,53.193548387096776,40.9,25.451612903225808,54.38709677419355,46.8,11.64516129032258,10.741935483870968,1.08,6.129032258064516,16.35483870967742,37.5,11.161290322580646,17.387096774193548,64.2,61.8,69.4,-7.5,7.096774193548387,22.193548387096776,32.0
2014,UC Riverside (Big West),False,31,10,21,32.3,33.9,35.0,-1.1,23.870967741935484,55.193548387096776,43.2,23.903225806451612,55.354838709677416,43.2,11.258064516129032,13.161290322580646,0.86,6.354838709677419,16.806451612903224,37.8,16.096774193548388,22.93548387096774,70.2,68.3,71.4,-3.1,,,
2014,Fordham (Atlantic 10),False,31,10,21,32.3,37.2,39.0,-1.8,24.64516129032258,62.645161290322584,39.3,26.741935483870968,57.83870967741935,46.2,12.225806451612904,11.387096774193548,1.07,7.225806451612903,20.258064516129032,35.7,15.35483870967742,20.93548387096774,73.3,71.7,78.0,-6.3,7.096774193548387,23.193548387096776,30.6
2014,Fla. Atlantic (C-USA),False,32,10,22,31.3,36.9,35.4,1.5,23.34375,55.03125,42.4,23.5,55.84375,42.1,11.875,13.03125,0.91,5.15625,15.78125,32.7,13.0,20.21875,64.3,66.3,68.5,-2.3,6.5625,19.65625,33.4
2014,Loyola Chicago (MVC),False,32,10,22,31.3,30.4,32.1,-1.7,23.25,50.28125,46.2,23.75,52.1875,45.5,13.09375,13.3125,0.98,6.0625,17.21875,35.2,13.3125,18.9375,70.3,65.8,68.7,-2.9,5.96875,17.0625,35.0
2014,LIU (NEC),False,29,9,20,31.0,34.5,36.8,-2.3,24.379310344827587,57.0,42.8,29.103448275862068,61.06896551724138,47.7,14.068965517241379,12.793103448275861,1.1,8.517241379310345,21.82758620689655,39.0,15.448275862068966,21.551724137931036,71.7,71.7,79.8,-8.1,7.517241379310345,21.75862068965517,34.5
2014,Hofstra (CAA),False,33,10,23,30.3,36.2,33.6,2.6,22.727272727272727,54.18181818181818,41.9,25.09090909090909,55.42424242424242,45.3,10.757575757575758,12.303030303030303,0.87,7.333333333333333,19.454545454545453,37.7,16.09090909090909,24.424242424242426,65.9,68.5,73.2,-4.7,6.9393939393939394,20.757575757575758,33.4
2014,Delaware St. (MEAC),False,30,9,21,30.0,31.4,34.1,-2.7,21.533333333333335,50.96666666666667,42.2,22.133333333333333,51.46666666666667,43.0,12.233333333333333,11.833333333333334,1.03,5.566666666666666,18.633333333333333,29.9,13.3,19.3,68.9,61.6,64.9,-3.3,5.2,16.166666666666668,32.2
2014,Furman (SoCon),False,30,9,21,30.0,31.3,34.6,-3.3,22.666666666666668,51.3,44.2,26.466666666666665,57.46666666666667,46.1,9.6,13.566666666666666,0.71,7.666666666666667,20.366666666666667,37.6,14.366666666666667,21.1,68.1,65.2,73.2,-8.0,5.466666666666667,16.4,33.3
2014,Navy (Patriot),False,30,9,21,30.0,33.5,34.5,-1.0,22.0,54.833333333333336,40.1,21.733333333333334,49.56666666666667,43.8,12.7,12.533333333333333,1.01,6.566666666666666,18.533333333333335,35.4,9.966666666666667,15.7,63.5,60.7,65.2,-4.6,6.7,20.4,32.8
2014,UMBC (America East),False,30,9,21,30.0,33.9,36.7,-2.8,22.3,55.56666666666667,40.1,22.766666666666666,50.93333333333333,44.7,11.833333333333334,15.0,0.79,6.666666666666667,18.2,36.6,15.233333333333333,23.266666666666666,65.5,65.6,72.8,-7.2,5.766666666666667,19.0,30.4
2014,South Carolina St. (MEAC),False,30,9,21,30.0,36.3,36.7,-0.4,22.533333333333335,56.93333333333333,39.6,24.766666666666666,55.833333333333336,44.4,12.133333333333333,15.066666666666666,0.81,6.5,19.266666666666666,33.7,12.766666666666667,19.566666666666666,65.2,62.8,72.7,-9.9,,,
2014,App State (SoCon),False,30,9,21,30.0,36.4,35.5,0.9,23.966666666666665,57.666666666666664,41.6,25.433333333333334,54.8,46.4,10.9,12.066666666666666,0.9,5.966666666666667,16.2,36.8,14.833333333333334,23.233333333333334,63.8,67.8,71.7,-3.9,5.033333333333333,16.666666666666668,30.2
2014,UC Davis (Big West),False,31,9,22,29.0,28.3,36.5,-8.2,24.032258064516128,54.87096774193548,43.8,27.451612903225808,56.58064516129032,48.5,12.0,12.03225806451613,1.0,6.903225806451613,18.0,38.4,14.161290322580646,20.35483870967742,69.6,70.1,77.7,-7.5,7.903225806451613,22.161290322580644,35.7
2014,Virginia Tech (ACC),True,31,9,22,29.0,36.7,34.2,2.5,21.451612903225808,52.87096774193548,40.6,23.258064516129032,57.645161290322584,40.3,10.903225806451612,12.64516129032258,0.86,7.612903225806452,23.322580645161292,32.6,13.064516129032258,20.161290322580644,64.8,62.9,67.0,-4.1,6.935483870967742,19.225806451612904,36.1
2014,TCU (Big 12),True,31,9,22,29.0,29.9,39.3,-9.4,21.096774193548388,52.354838709677416,40.3,25.741935483870968,57.903225806451616,44.5,11.419354838709678,11.67741935483871,0.98,6.612903225806452,19.258064516129032,34.3,16.741935483870968,22.870967741935484,73.2,63.6,72.5,-8.8,,,
2014,Temple (AAC),False,31,9,22,29.0,35.5,37.8,-2.2,26.70967741935484,62.38709677419355,42.8,28.35483870967742,59.83870967741935,47.4,13.580645161290322,10.548387096774194,1.29,6.225806451612903,17.35483870967742,35.9,14.0,19.806451612903224,70.7,73.9,78.1,-4.2,6.483870967741935,19.161290322580644,33.8
2014,Penn (Ivy League),False,28,8,20,28.6,33.5,36.5,-3.0,24.428571428571427,54.214285714285715,45.1,23.857142857142858,56.42857142857143,42.3,14.571428571428571,16.107142857142858,0.9,7.5,19.571428571428573,38.3,14.392857142857142,21.214285714285715,67.8,68.3,74.8,-6.6,5.0,15.571428571428571,32.1
2014,UNCW (CAA),False,32,9,23,28.1,35.9,37.6,-1.8,23.15625,57.53125,40.2,24.09375,55.46875,43.4,10.8125,11.46875,0.94,6.53125,19.34375,33.8,12.40625,18.9375,65.5,63.1,69.4,-6.3,,,
2014,UTRGV (WAC),False,32,9,23,28.1,33.1,37.7,-4.6,23.59375,57.125,41.3,23.59375,53.1875,44.4,12.5,12.21875,1.02,6.34375,19.4375,32.6,13.625,20.625,66.1,65.7,70.7,-5.0,,,
2014,Mississippi Val. (SWAC),False,32,9,23,28.1,34.8,37.8,-3.0,25.25,60.4375,41.8,28.28125,56.8125,49.8,11.15625,14.65625,0.76,5.375,14.65625,36.7,14.8125,22.09375,67.0,71.7,80.7,-9.0,6.34375,20.1875,31.4
2014,N.C. A&T (MEAC),False,32,9,23,28.1,36.2,35.4,0.8,19.4375,50.8125,38.3,23.15625,53.75,43.1,9.28125,15.28125,0.61,7.21875,20.125,35.9,21.0625,30.125,69.9,65.3,73.2,-7.9,5.34375,17.625,30.3
2014,Central Ark. (Southland),False,29,8,21,27.6,33.9,40.8,-6.9,27.137931034482758,60.724137931034484,44.7,27.620689655172413,59.241379310344826,46.6,12.689655172413794,14.517241379310345,0.87,5.689655172413793,16.20689655172414,35.1,13.793103448275861,22.96551724137931,60.1,74.7,81.4,-6.7,6.586206896551724,18.0,36.6
2014,UTSA (C-USA),False,30,8,22,26.7,34.6,33.4,1.2,21.8,51.5,42.3,26.233333333333334,55.833333333333336,47.0,10.533333333333333,15.766666666666667,0.67,7.966666666666667,21.466666666666665,37.1,19.233333333333334,27.866666666666667,69.0,68.9,76.8,-7.9,6.033333333333333,18.233333333333334,33.1
2014,Texas St. (Sun Belt),False,31,8,23,25.8,32.4,30.9,1.5,22.483870967741936,51.74193548387097,43.5,22.322580645161292,49.87096774193548,44.8,11.096774193548388,13.709677419354838,0.81,6.645161290322581,16.774193548387096,39.6,11.741935483870968,17.70967741935484,66.3,61.4,66.0,-4.6,,,
2014,UT Martin (OVC),False,31,8,23,25.8,31.7,36.4,-4.7,25.548387096774192,60.32258064516129,42.4,28.129032258064516,54.03225806451613,52.1,13.741935483870968,11.64516129032258,1.18,6.258064516129032,16.64516129032258,37.6,16.193548387096776,22.322580645161292,72.5,74.3,81.5,-7.2,7.032258064516129,20.516129032258064,34.3
2014,Boston College (ACC),True,32,8,24,25.0,29.8,33.3,-3.6,22.375,50.15625,44.6,25.75,55.34375,46.5,12.4375,11.1875,1.11,5.6875,15.40625,36.9,16.1875,21.84375,74.1,68.7,73.6,-4.9,7.71875,21.9375,35.2
2014,Longwood (Big South),False,32,8,24,25.0,31.2,37.3,-6.1,25.375,57.65625,44.0,26.96875,57.0625,47.3,13.4375,12.75,1.05,8.125,22.0625,36.8,13.46875,18.46875,72.9,69.8,80.3,-10.5,5.625,16.03125,35.1
2014,Howard (MEAC),False,33,8,25,24.2,33.2,36.5,-3.3,19.363636363636363,51.21212121212121,37.8,22.393939393939394,52.0,43.1,7.909090909090909,16.363636363636363,0.48,6.575757575757576,19.727272727272727,33.3,17.181818181818183,25.303030303030305,67.9,61.2,71.0,-9.8,5.303030303030303,15.727272727272727,33.7
2014,Rice (C-USA),False,30,7,23,23.3,32.4,37.7,-5.4,21.233333333333334,52.733333333333334,40.3,23.033333333333335,53.666666666666664,42.9,13.8,13.133333333333333,1.05,6.166666666666667,17.966666666666665,34.3,11.4,17.533333333333335,65.0,61.8,69.4,-7.7,7.9,24.433333333333334,32.3
2014,Binghamton (America East),False,30,7,23,23.3,32.3,35.8,-3.5,19.7,51.8,38.0,24.133333333333333,53.36666666666667,45.2,9.4,14.266666666666667,0.66,8.133333333333333,21.133333333333333,38.5,15.866666666666667,22.9,69.3,61.3,71.3,-10.0,6.066666666666666,18.966666666666665,32.0
2014,Stetson (ASUN),False,31,7,24,22.6,29.8,36.3,-6.5,22.032258064516128,52.516129032258064,42.0,25.35483870967742,54.41935483870968,46.6,11.935483870967742,12.35483870967742,0.97,7.32258064516129,19.548387096774192,37.5,12.612903225806452,19.032258064516128,66.3,61.8,72.6,-10.8,5.129032258064516,17.451612903225808,29.4
2014,San Jose St. (Mountain West),False,31,7,24,22.6,35.7,36.7,-1.0,20.35483870967742,54.38709677419355,37.4,24.06451612903226,55.774193548387096,43.1,11.161290322580646,13.419354838709678,0.83,6.774193548387097,19.258064516129032,35.2,13.258064516129032,18.35483870967742,72.2,62.5,71.7,-9.2,8.548387096774194,25.70967741935484,33.2
2014,Fairfield (MAAC),False,32,7,25,21.9,35.4,35.4,0.0,21.78125,54.78125,39.8,21.84375,51.53125,42.4,11.25,14.65625,0.77,4.8125,13.90625,34.6,13.0,18.96875,68.5,63.4,70.0,-6.6,6.875,20.625,33.3
2014,Bethune-Cookman (MEAC),False,32,7,25,21.9,31.3,35.0,-3.7,21.4375,53.5625,40.0,22.75,50.125,45.4,9.875,12.75,0.77,6.03125,17.03125,35.4,13.8125,19.21875,71.9,63.5,70.4,-6.9,6.8125,19.15625,35.6
2014,Niagara (MAAC),False,33,7,26,21.2,34.3,37.8,-3.5,25.333333333333332,59.06060606060606,42.9,27.545454545454547,56.666666666666664,48.6,10.0,13.636363636363637,0.73,6.909090909090909,17.96969696969697,38.4,19.575757575757574,28.696969696969695,68.2,75.3,82.1,-6.8,5.03030303030303,16.78787878787879,30.0
2014,The Citadel (SoCon),False,33,7,26,21.2,33.1,36.6,-3.5,23.151515151515152,53.878787878787875,43.0,26.363636363636363,58.39393939393939,45.1,13.393939393939394,12.484848484848484,1.07,6.96969696969697,19.96969696969697,34.9,14.333333333333334,19.848484848484848,72.2,67.0,74.3,-7.3,6.363636363636363,17.636363636363637,36.1
2014,Maine (America East),False,29,6,23,20.7,33.3,40.4,-7.1,26.17241379310345,59.03448275862069,44.3,29.517241379310345,62.89655172413793,46.9,14.413793103448276,15.137931034482758,0.95,7.172413793103448,20.103448275862068,35.7,13.482758620689655,19.896551724137932,67.8,72.1,82.9,-10.8,6.275862068965517,18.724137931034484,33.5
2014,New Hampshire (America East),False,30,6,24,20.0,34.2,35.4,-1.2,19.466666666666665,51.766666666666666,37.6,21.4,52.43333333333333,40.8,9.733333333333333,13.066666666666666,0.74,5.7,17.8,32.0,11.866666666666667,17.133333333333333,69.3,57.8,64.8,-7.0,7.033333333333333,21.3,33.0
2014,UMES (MEAC),False,30,6,24,20.0,32.6,35.5,-2.8,21.866666666666667,54.56666666666667,40.1,25.833333333333332,54.46666666666667,47.4,11.3,12.633333333333333,0.89,6.633333333333334,17.866666666666667,37.1,16.8,23.3,72.1,66.5,75.0,-8.5,6.0,18.6,32.3
2014,Houston Baptist (Southland),False,31,6,25,19.4,35.9,37.3,-1.4,23.774193548387096,55.903225806451616,42.5,26.612903225806452,59.12903225806452,45.0,12.419354838709678,15.64516129032258,0.79,5.838709677419355,17.70967741935484,33.0,14.838709677419354,21.677419354838708,68.5,67.5,76.5,-9.1,5.064516129032258,14.709677419354838,34.4
2014,Kennesaw St. (ASUN),False,31,6,25,19.4,32.9,35.7,-2.9,22.838709677419356,54.064516129032256,42.2,25.06451612903226,54.806451612903224,45.7,11.096774193548388,15.935483870967742,0.7,5.419354838709677,16.193548387096776,33.5,13.161290322580646,20.258064516129032,65.0,65.0,74.3,-9.3,6.193548387096774,18.032258064516128,34.3
2014,UIC (Horizon),False,31,6,25,19.4,34.0,33.5,0.5,23.032258064516128,54.70967741935484,42.1,24.258064516129032,52.12903225806452,46.5,11.161290322580646,12.516129032258064,0.89,6.483870967741935,16.93548387096774,38.3,15.193548387096774,21.29032258064516,71.4,66.8,72.5,-5.7,5.548387096774194,16.93548387096774,32.8
2014,IUPUI (Summit League),False,32,6,26,18.8,31.1,35.4,-4.3,24.4375,55.75,43.8,27.125,57.65625,47.0,10.40625,11.0625,0.94,5.9375,16.5625,35.8,13.1875,17.78125,74.2,66.4,74.5,-8.0,,,
2014,Presbyterian (Big South),False,32,6,26,18.8,30.6,37.0,-6.4,24.125,53.875,44.8,28.34375,60.34375,47.0,11.625,12.4375,0.93,7.9375,21.21875,37.4,11.1875,16.53125,67.7,65.4,76.4,-11.0,5.9375,16.8125,35.3
2014,Grambling (SWAC),False,29,5,24,17.2,31.2,35.7,-4.6,22.310344827586206,54.3448275862069,41.1,28.724137931034484,56.10344827586207,51.2,10.379310344827585,14.89655172413793,0.7,7.0,18.689655172413794,37.5,14.827586206896552,22.24137931034483,66.7,65.6,79.9,-14.2,6.172413793103448,19.103448275862068,32.3
2014,Ball St. (MAC),False,30,5,25,16.7,36.9,33.2,3.7,21.7,53.36666666666667,40.7,25.633333333333333,55.7,46.0,12.5,16.833333333333332,0.74,5.266666666666667,15.866666666666667,33.2,15.633333333333333,22.633333333333333,69.1,65.6,73.8,-8.2,6.533333333333333,20.833333333333332,31.4
2014,Tennessee St. (OVC),False,30,5,25,16.7,33.6,34.3,-0.7,23.566666666666666,54.9,42.9,24.8,53.53333333333333,46.3,10.466666666666667,12.366666666666667,0.85,6.133333333333334,18.166666666666668,33.8,16.666666666666668,23.8,70.0,68.7,75.5,-6.8,,,
2014,Sacred Heart (NEC),False,31,5,26,16.1,34.5,36.5,-2.0,24.451612903225808,59.225806451612904,41.3,25.70967741935484,55.87096774193548,46.0,12.516129032258064,12.193548387096774,1.03,6.967741935483871,20.387096774193548,34.2,14.483870967741936,21.129032258064516,68.5,69.7,76.7,-7.0,6.354838709677419,19.451612903225808,32.7
2014,Lamar University (Southland),False,30,4,26,13.3,31.5,35.8,-4.3,23.7,54.266666666666666,43.7,28.166666666666668,57.63333333333333,48.9,12.033333333333333,14.0,0.86,6.5,17.166666666666668,37.9,16.066666666666666,21.6,74.4,66.7,77.3,-10.6,,,
2014,Cornell (Ivy League),False,28,2,26,7.1,31.4,36.1,-4.7,23.285714285714285,56.75,41.0,26.428571428571427,53.357142857142854,49.5,10.714285714285714,12.035714285714286,0.89,7.428571428571429,18.178571428571427,40.9,10.678571428571429,16.071428571428573,66.4,64.1,78.4,-14.3,6.857142857142857,21.571428571428573,31.8
2014,Southern Utah (Big Sky),False,29,2,27,6.9,28.5,35.9,-7.3,20.379310344827587,50.41379310344828,40.4,24.20689655172414,50.689655172413794,47.8,10.793103448275861,13.89655172413793,0.78,5.448275862068965,14.344827586206897,38.0,13.689655172413794,19.862068965517242,68.9,59.0,74.9,-15.9,,,
