Team,Games,Wins,Losses,Win Pct,PPG,OPP PPG,SCR MAR,RPG,OPP RPG,REB MAR,FGMPG,FGAPG,FG%,FTPG,FTAPG,FT%,3FGPG,3FGAPG,3FG%,OPP FGPG,OPP FGAPG,OPP FG%,AST,ASTPG,TO,TOPG,AST/TO Ratio,OPP 3FGAPG,OPP 3FGPG,OPP 3FG%
Gonzaga (WCC),32,31,1,96.9,91.0,69.7,21.3,37.2,30.3,6.8,33.72,61.41,54.9,16.03,21.94,73.1,7.5,20.38,36.8,25.91,61.44,42.2,601,18.78,385,12.03,1.56,20.72,6.78,32.7
Baylor (Big 12),30,28,2,93.3,82.9,65.5,17.4,36.0,31.7,4.3,30.57,62.87,48.6,11.8,16.67,70.8,9.97,24.13,41.3,23.7,54.73,43.3,507,16.9,345,11.5,1.47,18.77,6.17,32.9
Winthrop (Big South),25,23,2,92.0,78.9,67.0,11.8,40.1,31.4,8.7,27.8,60.84,45.7,14.88,21.64,68.8,8.4,23.88,35.2,23.88,55.36,43.1,374,14.96,350,14.0,1.07,20.4,6.6,32.4
Houston (AAC),32,28,4,87.5,76.1,58.2,17.8,40.5,31.5,9.0,26.69,61.28,43.5,13.59,18.59,73.1,9.09,25.72,35.4,19.41,51.31,37.8,446,13.94,341,10.66,1.31,19.53,5.66,29.0
Colgate (Patriot),16,14,2,87.5,85.2,69.6,15.6,39.9,35.1,4.8,30.94,62.81,49.3,14.06,19.44,72.3,9.25,22.94,40.3,26.06,63.5,41.0,282,17.63,173,10.81,1.63,23.0,6.06,26.4
Belmont (OVC),30,26,4,86.7,81.3,69.1,12.2,35.7,35.2,0.6,29.8,60.97,48.9,12.67,17.17,73.8,9.03,26.23,34.4,25.77,60.43,42.6,547,18.23,361,12.03,1.52,22.0,7.43,33.8
Drake (MVC),31,26,5,83.9,75.9,64.5,11.5,36.1,31.2,4.9,29.29,60.58,48.3,10.32,14.48,71.3,7.03,19.16,36.7,23.39,55.42,42.2,423,13.65,320,10.32,1.32,19.94,6.23,31.2
Loyola Chicago (MVC),31,26,5,83.9,71.0,56.1,15.0,32.5,27.5,5.0,25.94,52.06,49.8,12.03,16.74,71.9,7.13,19.55,36.5,21.19,51.32,41.3,490,15.81,364,11.74,1.35,16.84,5.48,32.6
Southern Utah (Big Sky),24,20,4,83.3,84.2,69.5,14.7,39.4,31.5,7.9,29.13,61.46,47.4,17.17,22.96,74.8,8.79,25.75,34.1,25.29,59.5,42.5,338,14.08,290,12.08,1.17,23.13,7.58,32.8
Navy (Patriot),18,15,3,83.3,71.5,67.0,4.5,35.1,31.7,3.3,25.89,57.89,44.7,13.56,19.11,70.9,6.17,18.89,32.6,24.22,52.78,45.9,222,12.33,223,12.39,1.0,20.5,6.89,33.6
Abilene Christian (Southland),29,24,5,82.8,75.7,60.4,15.3,36.1,34.0,2.1,27.1,60.41,44.9,13.9,20.48,67.8,7.62,22.17,34.4,20.72,51.31,40.4,513,17.69,394,13.59,1.3,17.93,5.55,31.0
Michigan (Big Ten),28,23,5,82.1,75.8,65.1,10.7,37.5,31.0,6.5,27.54,57.07,48.2,13.32,17.32,76.9,7.36,19.32,38.1,23.82,60.64,39.3,443,15.82,315,11.25,1.41,19.32,6.21,32.2
San Diego St. (Mountain West),28,23,5,82.1,73.6,61.2,12.5,35.8,32.0,3.9,25.68,57.0,45.1,13.71,19.07,71.9,8.57,23.25,36.9,20.46,52.18,39.2,392,14.0,310,11.07,1.26,23.93,8.04,33.6
UC Santa Barbara (Big West),27,22,5,81.5,76.0,62.8,13.1,35.2,29.7,5.5,27.37,56.81,48.2,14.52,19.33,75.1,6.7,19.33,34.7,23.07,54.81,42.1,438,16.22,294,10.89,1.49,17.59,5.81,33.1
Liberty (ASUN),29,23,6,79.3,74.4,60.0,14.4,33.5,29.8,3.7,26.97,55.34,48.7,10.21,13.14,77.7,10.24,26.24,39.0,21.86,53.45,40.9,458,15.79,289,9.97,1.58,19.14,5.9,30.8
Alabama (SEC),33,26,7,78.8,79.7,70.1,9.6,40.7,38.0,2.7,28.0,64.39,43.5,13.12,18.55,70.8,10.55,29.97,35.2,25.36,62.21,40.8,464,14.06,459,13.91,1.01,21.33,6.21,29.1
Arkansas (SEC),32,25,7,78.1,81.4,70.8,10.6,39.7,35.8,4.0,29.22,64.72,45.1,15.66,21.16,74.0,7.28,21.94,33.2,25.41,61.19,41.5,466,14.56,412,12.88,1.13,23.06,7.75,33.6
Illinois (Big Ten),31,24,7,77.4,80.5,68.6,11.9,40.0,30.4,9.6,29.32,58.68,50.0,15.35,22.26,69.0,6.55,17.55,37.3,24.84,60.42,41.1,506,16.32,403,13.0,1.26,19.71,6.48,32.9
Prairie View (SWAC),21,16,5,76.2,71.3,64.2,7.0,35.2,36.0,-0.9,27.0,60.24,44.8,10.67,16.29,65.5,6.62,21.76,30.4,21.95,52.24,42.0,333,15.86,289,13.76,1.15,17.52,5.57,31.8
SFA (Southland),21,16,5,76.2,80.3,70.7,9.6,35.8,28.9,6.9,29.62,56.9,52.1,16.29,23.95,68.0,4.76,14.14,33.7,23.81,54.0,44.1,331,15.76,350,16.67,0.95,19.29,6.48,33.6
St. Bonaventure (Atlantic 10),21,16,5,76.2,70.0,61.1,9.0,36.9,33.7,3.2,25.81,58.29,44.3,12.05,16.33,73.8,6.38,18.57,34.4,21.62,55.52,38.9,306,14.57,225,10.71,1.36,23.9,7.33,30.7
Eastern Ky. (OVC),29,22,7,75.9,81.8,73.7,8.1,35.6,39.4,-3.8,30.03,67.1,44.8,12.1,17.14,70.6,9.62,26.83,35.9,26.55,59.83,44.4,461,15.9,372,12.83,1.24,21.34,6.93,32.5
UAB (C-USA),29,22,7,75.9,72.6,60.3,12.3,36.7,34.3,2.4,27.17,60.21,45.1,13.17,18.93,69.6,5.07,16.38,30.9,21.83,54.0,40.4,308,10.62,304,10.48,1.01,19.62,6.24,31.8
Southern California (Pac-12),33,25,8,75.8,74.9,65.1,9.8,38.8,32.6,6.2,27.39,58.09,47.2,13.67,21.06,64.9,6.48,18.0,36.0,23.64,60.61,39.0,458,13.88,408,12.36,1.12,21.27,7.09,33.3
Louisiana Tech (C-USA),32,24,8,75.0,73.1,65.4,7.7,38.2,35.1,3.2,26.0,58.44,44.5,13.59,19.97,68.1,7.5,21.81,34.4,23.59,58.53,40.3,418,13.06,411,12.84,1.02,22.69,6.91,30.4
Oregon (Pac-12),28,21,7,75.0,74.9,68.4,6.5,33.1,32.1,1.0,27.82,59.0,47.2,10.89,15.32,71.1,8.36,22.18,37.7,24.75,56.11,44.1,389,13.89,319,11.39,1.22,21.82,7.46,34.2
Wright St. (Horizon),24,18,6,75.0,82.0,67.4,14.5,42.3,33.0,9.3,29.58,61.29,48.3,15.33,21.17,72.4,7.46,20.17,37.0,25.63,63.92,40.1,369,15.38,315,13.13,1.17,21.0,6.42,30.6
Morehead St. (OVC),31,23,8,74.2,68.8,64.1,4.7,37.3,30.8,6.5,24.65,53.26,46.3,12.81,18.84,68.0,6.68,18.74,35.6,23.74,58.26,40.8,397,12.81,477,15.39,0.83,23.9,7.45,31.2
BYU (WCC),27,20,7,74.1,78.1,68.6,9.5,39.2,32.5,6.7,28.74,59.56,48.3,11.89,16.41,72.5,8.74,23.44,37.3,24.78,60.3,41.1,436,16.15,356,13.19,1.22,21.11,6.96,33.0
Weber St. (Big Sky),23,17,6,73.9,81.8,69.3,12.5,32.8,31.0,1.7,28.52,56.52,50.5,16.35,20.78,78.7,8.39,21.57,38.9,24.74,58.3,42.4,345,15.0,288,12.52,1.2,20.78,7.04,33.9
VCU (Atlantic 10),26,19,7,73.1,71.7,65.2,6.5,34.3,35.0,-0.6,25.35,56.15,45.1,14.54,19.12,76.1,6.46,19.62,32.9,22.69,56.04,40.5,347,13.35,380,14.62,0.91,19.65,6.0,30.5
Georgia St. (Sun Belt),22,16,6,72.7,80.3,72.7,7.6,37.5,37.0,0.5,29.5,63.0,46.8,13.23,19.32,68.5,8.09,22.59,35.8,25.18,60.95,41.3,369,16.77,256,11.64,1.44,24.86,8.41,33.8
Wichita St. (AAC),22,16,6,72.7,71.5,66.8,4.7,37.9,39.5,-1.5,24.23,59.86,40.5,14.91,21.91,68.0,8.09,24.09,33.6,24.23,60.27,40.2,286,13.0,246,11.18,1.16,23.0,6.82,29.6
Western Ky. (C-USA),29,21,8,72.4,72.7,68.0,4.7,37.7,31.3,6.4,25.28,56.34,44.9,15.76,20.0,78.8,6.38,18.48,34.5,24.9,58.97,42.2,395,13.62,413,14.24,0.96,23.21,8.45,36.4
Florida St. (ACC),25,18,7,72.0,77.2,69.2,8.0,36.7,33.0,3.7,27.72,58.44,47.4,14.04,18.96,74.1,7.68,20.4,37.6,23.28,58.6,39.7,363,14.52,360,14.4,1.01,23.16,7.52,32.5
Nicholls (Southland),25,18,7,72.0,78.4,73.2,5.2,38.2,38.0,0.3,29.36,64.44,45.6,11.92,17.84,66.8,7.76,24.2,32.1,25.76,60.12,42.8,336,13.44,327,13.08,1.03,21.52,7.44,34.6
Texas St. (Sun Belt),25,18,7,72.0,66.4,61.7,4.7,32.9,29.8,3.1,25.16,54.44,46.2,10.52,14.88,70.7,5.56,14.64,38.0,21.48,50.96,42.2,339,13.56,333,13.32,1.02,20.52,7.16,34.9
Villanova (Big East),25,18,7,72.0,74.8,66.5,8.3,33.9,32.7,1.2,26.2,57.8,45.3,13.24,17.36,76.3,9.16,25.92,35.3,24.48,55.52,44.1,374,14.96,227,9.08,1.65,22.52,7.72,34.3
Virginia (ACC),25,18,7,72.0,68.2,60.5,7.7,31.6,29.5,2.2,25.16,53.04,47.4,9.4,11.52,81.6,8.48,22.64,37.5,22.0,52.88,41.6,345,13.8,229,9.16,1.51,19.84,6.72,33.9
Colorado (Pac-12),32,23,9,71.9,73.1,63.8,9.3,34.8,30.6,4.2,25.88,56.75,45.6,13.69,16.72,81.9,7.69,20.66,37.2,22.94,54.53,42.1,436,13.63,364,11.38,1.2,19.13,6.38,33.3
Colorado St. (Mountain West),28,20,8,71.4,74.0,66.8,7.2,34.5,33.6,0.9,25.54,54.86,46.5,14.54,18.36,79.2,8.39,23.79,35.3,24.57,58.25,42.2,408,14.57,378,13.5,1.08,25.36,7.89,31.1
Memphis (AAC),28,20,8,71.4,72.4,62.7,9.7,40.0,32.7,7.3,26.32,59.32,44.4,11.96,19.39,61.7,7.79,21.43,36.3,21.64,55.61,38.9,447,15.96,437,15.61,1.02,21.89,6.07,27.7
Creighton (Big East),31,22,9,71.0,76.0,68.2,7.7,35.7,36.7,-0.9,28.32,60.06,47.2,9.87,15.42,64.0,9.45,26.16,36.1,24.87,60.94,40.8,485,15.65,342,11.03,1.42,23.9,7.58,31.7
Iowa (Big Ten),31,22,9,71.0,83.7,72.7,11.0,39.7,37.0,2.7,29.77,63.26,47.1,14.45,20.23,71.5,9.71,25.16,38.6,27.1,64.58,42.0,594,19.16,294,9.48,2.02,25.48,8.87,34.8
Grand Canyon (WAC),24,17,7,70.8,75.5,62.1,13.4,39.9,30.4,9.5,28.17,57.67,48.8,12.38,18.08,68.4,6.79,20.67,32.9,21.71,56.71,38.3,390,16.25,308,12.83,1.27,23.75,7.0,29.5
Missouri St. (MVC),24,17,7,70.8,73.4,66.4,7.0,37.0,32.0,5.0,26.54,55.5,47.8,12.83,17.29,74.2,7.5,21.46,35.0,24.21,59.08,41.0,325,13.54,305,12.71,1.07,20.96,6.83,32.6
Siena (MAAC),17,12,5,70.6,67.6,63.0,4.6,34.9,32.6,2.3,24.18,52.59,46.0,12.88,19.59,65.8,6.35,18.47,34.4,23.53,57.59,40.9,215,12.65,219,12.88,0.98,18.18,5.88,32.4
Cleveland St. (Horizon),27,19,8,70.4,70.9,71.2,-0.3,34.6,35.4,-0.8,25.96,57.7,45.0,12.59,18.78,67.1,6.37,19.81,32.1,24.11,56.74,42.5,371,13.74,350,12.96,1.06,24.04,7.37,30.7
Texas (Big 12),27,19,8,70.4,74.4,68.2,6.1,38.4,34.3,4.1,26.0,57.3,45.4,13.78,19.41,71.0,8.59,24.15,35.6,23.85,58.44,40.8,357,13.22,393,14.56,0.91,19.37,6.15,31.7
Kansas (Big 12),30,21,9,70.0,73.0,66.9,6.1,37.5,34.6,2.9,26.3,60.3,43.6,12.87,17.97,71.6,7.57,22.1,34.2,24.17,58.3,41.5,415,13.83,359,11.97,1.16,22.03,7.4,33.6
Oklahoma St. (Big 12),30,21,9,70.0,76.6,72.7,3.9,38.3,36.1,2.3,27.2,59.33,45.8,15.83,22.3,71.0,6.33,19.1,33.2,25.6,62.3,41.1,385,12.83,467,15.57,0.82,23.27,7.43,31.9
Toledo (MAC),30,21,9,70.0,81.1,72.6,8.5,37.6,37.3,0.2,28.4,62.3,45.6,13.83,17.73,78.0,10.47,28.1,37.2,27.03,63.5,42.6,480,16.0,332,11.07,1.45,25.53,7.6,29.8
UNC Greensboro (SoCon),30,21,9,70.0,73.0,67.3,5.6,39.1,36.4,2.8,27.4,65.13,42.1,10.57,15.47,68.3,7.6,25.43,29.9,22.97,55.1,41.7,370,12.33,329,10.97,1.12,22.8,7.17,31.4
UMBC (America East),20,14,6,70.0,69.5,64.9,4.7,36.5,34.0,2.5,24.15,54.95,43.9,14.3,20.1,71.1,6.95,20.4,34.1,23.15,58.35,39.7,219,10.95,258,12.9,0.85,24.0,7.9,32.9
South Dakota St. (Summit League),23,16,7,69.6,80.4,73.5,7.0,35.7,31.0,4.7,28.48,57.17,49.8,15.43,21.57,71.6,8.04,19.91,40.4,26.35,60.43,43.6,327,14.22,283,12.3,1.16,24.22,8.48,35.0
Chattanooga (SoCon),26,18,8,69.2,72.6,69.3,3.3,33.9,34.9,-1.0,25.65,58.54,43.8,12.92,16.5,78.3,8.38,23.35,35.9,26.46,58.08,45.6,319,12.27,288,11.08,1.11,20.65,6.85,33.1
Coastal Carolina (Sun Belt),26,18,8,69.2,79.5,68.2,11.3,43.5,33.6,9.9,28.15,61.69,45.6,14.69,20.5,71.7,8.5,23.77,35.8,23.81,61.08,39.0,404,15.54,395,15.19,1.02,27.69,8.58,31.0
Utah St. (Mountain West),29,20,9,69.0,72.6,62.3,10.2,40.7,30.4,10.3,26.66,59.72,44.6,12.9,17.86,72.2,6.38,19.21,33.2,22.07,56.55,39.0,469,16.17,403,13.9,1.16,22.9,7.62,33.3
UCLA (Pac-12),32,22,10,68.8,73.4,68.4,5.0,35.2,31.5,3.7,26.75,57.97,46.1,13.09,18.31,71.5,6.81,18.31,37.2,24.94,56.59,44.1,437,13.66,338,10.56,1.29,21.34,7.19,33.7
Bryant (NEC),22,15,7,68.2,83.8,75.6,8.1,39.8,38.6,1.2,29.0,62.36,46.5,16.32,21.45,76.1,9.45,24.82,38.1,27.68,67.27,41.1,336,15.27,333,15.14,1.01,25.91,7.45,28.8
Marshall (C-USA),22,15,7,68.2,79.9,72.5,7.4,35.4,37.2,-1.9,29.82,62.82,47.5,11.0,15.18,72.5,9.27,25.77,36.0,26.68,61.41,43.4,349,15.86,263,11.95,1.33,22.18,7.95,35.9
Virginia Tech (ACC),22,15,7,68.2,72.0,66.0,6.1,34.5,32.2,2.4,25.36,56.36,45.0,13.14,18.82,69.8,8.18,23.09,35.4,23.32,55.0,42.4,313,14.23,255,11.59,1.23,21.41,7.09,33.1
Norfolk St. (MEAC),25,17,8,68.0,73.6,69.7,3.9,36.3,36.9,-0.6,25.2,59.08,42.7,15.4,21.84,70.5,7.76,21.12,36.7,22.92,56.76,40.4,302,12.08,322,12.88,0.94,25.68,8.12,31.6
Ohio (MAC),25,17,8,68.0,79.2,72.6,6.6,35.3,33.6,1.7,29.12,60.76,47.9,12.6,17.92,70.3,8.36,23.72,35.2,25.84,58.72,44.0,436,17.44,301,12.04,1.45,23.32,7.88,33.8
Boise St. (Mountain West),28,19,9,67.9,75.8,66.7,9.1,35.5,32.6,2.9,26.54,58.36,45.5,14.86,20.21,73.5,7.86,22.68,34.6,24.43,56.71,43.1,378,13.5,328,11.71,1.15,19.68,6.5,33.0
Sam Houston (Southland),28,19,9,67.9,79.6,70.3,9.3,36.9,37.3,-0.4,28.46,62.79,45.3,13.57,19.61,69.2,9.11,25.54,35.7,24.29,57.57,42.2,435,15.54,402,14.36,1.08,21.57,6.29,29.1
Ohio St. (Big Ten),31,21,10,67.7,77.2,71.1,6.1,36.6,33.6,3.0,26.42,57.61,45.9,16.19,21.42,75.6,8.13,22.58,36.0,24.74,58.74,42.1,406,13.1,329,10.61,1.23,22.58,7.68,34.0
Jacksonville St. (OVC),27,18,9,66.7,74.3,68.6,5.7,38.8,33.9,4.9,26.78,58.07,46.1,12.59,18.37,68.5,8.11,22.81,35.6,24.96,60.81,41.0,383,14.19,360,13.33,1.06,25.41,8.33,32.8
Tennessee (SEC),27,18,9,66.7,71.9,63.5,8.4,35.9,34.0,1.9,25.26,57.59,43.9,14.78,19.81,74.6,6.59,19.96,33.0,22.19,55.26,40.1,401,14.85,338,12.52,1.19,21.0,6.81,32.5
UC Irvine (Big West),27,18,9,66.7,72.2,63.4,8.8,39.6,31.9,7.7,27.0,59.81,45.1,13.33,17.56,75.9,4.89,14.44,33.8,22.33,57.74,38.7,319,11.81,350,12.96,0.91,23.11,7.56,32.7
Clemson (ACC),24,16,8,66.7,64.9,61.9,3.0,32.6,32.8,-0.2,23.42,55.13,42.5,9.83,12.79,76.9,8.25,23.92,34.5,22.04,52.71,41.8,319,13.29,303,12.63,1.05,21.58,7.21,33.4
Eastern Wash. (Big Sky),24,16,8,66.7,78.3,70.4,7.9,35.5,34.5,1.1,27.79,59.38,46.8,14.21,17.96,79.1,8.5,23.92,35.5,25.71,61.63,41.7,365,15.21,277,11.54,1.32,22.04,6.92,31.4
Saint Louis (Atlantic 10),21,14,7,66.7,75.0,65.4,9.6,38.6,29.7,8.9,27.9,60.43,46.2,12.67,18.0,70.4,6.52,18.76,34.8,22.24,53.05,41.9,369,17.57,255,12.14,1.45,20.24,6.81,33.6
Iona (MAAC),18,12,6,66.7,71.3,66.1,5.2,36.9,32.2,4.7,24.78,56.11,44.2,14.39,19.33,74.4,7.33,21.17,34.6,21.56,53.5,40.3,245,13.61,282,15.67,0.87,20.06,6.06,30.2
Jackson St. (SWAC),18,12,6,66.7,65.6,62.8,2.8,36.8,35.1,1.8,22.06,55.78,39.5,15.94,23.44,68.0,5.56,16.33,34.0,21.39,54.33,39.4,190,10.56,272,15.11,0.7,15.39,4.67,30.3
Vermont (America East),15,10,5,66.7,73.0,63.4,9.6,34.9,31.1,3.8,25.53,55.2,46.3,14.2,18.2,78.0,7.73,22.47,34.4,22.0,54.0,40.7,211,14.07,183,12.2,1.15,21.6,6.73,31.2
LSU (SEC),29,19,10,65.5,81.8,75.2,6.6,38.4,37.8,0.6,28.83,62.86,45.9,16.03,21.38,75.0,8.07,23.24,34.7,26.66,63.59,41.9,351,12.1,329,11.34,1.07,27.97,8.38,30.0
West Virginia (Big 12),29,19,10,65.5,77.3,72.0,5.3,37.9,35.3,2.6,26.52,61.83,42.9,16.86,23.45,71.9,7.45,20.45,36.4,26.52,59.34,44.7,407,14.03,348,12.0,1.17,22.52,7.55,33.5
Arizona (Pac-12),26,17,9,65.4,75.4,68.6,6.8,38.3,31.2,7.1,25.65,57.38,44.7,17.42,23.96,72.7,6.69,18.0,37.2,24.27,56.54,42.9,403,15.5,309,11.88,1.3,20.73,7.08,34.1
Georgia Tech (ACC),26,17,9,65.4,74.9,70.0,4.9,30.3,34.2,-4.0,27.77,58.19,47.7,12.0,16.54,72.6,7.38,21.19,34.8,25.69,55.96,45.9,412,15.85,290,11.15,1.42,19.73,7.27,36.8
Louisiana (Sun Belt),26,17,9,65.4,74.4,72.8,1.6,39.5,34.4,5.1,27.42,61.81,44.4,12.42,17.81,69.8,7.12,20.46,34.8,26.31,62.08,42.4,332,12.77,388,14.92,0.86,19.5,6.5,33.3
Texas Southern (SWAC),26,17,9,65.4,73.9,69.5,4.4,40.9,35.7,5.2,26.73,60.15,44.4,15.92,22.77,69.9,4.5,16.31,27.6,24.08,60.12,40.1,314,12.08,399,15.35,0.79,23.46,7.27,31.0
Akron (MAC),23,15,8,65.2,78.2,72.2,6.0,38.9,36.4,2.5,27.3,61.52,44.4,14.13,18.65,75.8,9.43,28.35,33.3,27.0,62.39,43.3,305,13.26,271,11.78,1.13,21.13,6.57,31.1
Kent St. (MAC),23,15,8,65.2,76.7,71.1,5.6,39.1,33.7,5.4,27.61,62.26,44.3,13.43,17.26,77.8,8.04,24.65,32.6,25.43,60.22,42.2,330,14.35,312,13.57,1.06,23.91,8.26,34.5
Old Dominion (C-USA),23,15,8,65.2,68.3,67.7,0.7,35.9,33.9,2.0,25.48,56.87,44.8,12.43,17.96,69.2,4.91,17.04,28.8,23.78,56.74,41.9,278,12.09,291,12.65,0.96,24.3,8.52,35.1
UConn (Big East),23,15,8,65.2,71.7,64.6,7.2,38.2,33.1,5.1,26.17,60.35,43.4,12.65,17.52,72.2,6.74,20.13,33.5,22.35,54.04,41.4,297,12.91,268,11.65,1.11,18.0,5.83,32.4
James Madison (CAA),20,13,7,65.0,78.1,70.5,7.7,37.4,37.0,0.3,27.15,60.05,45.2,15.5,23.25,66.7,8.3,24.3,34.2,24.0,58.25,41.2,276,13.8,243,12.15,1.14,27.0,8.5,31.5
Louisville (ACC),20,13,7,65.0,68.0,66.5,1.4,38.2,33.5,4.8,24.7,57.3,43.1,13.2,18.4,71.7,5.35,17.35,30.8,24.1,57.05,42.2,221,11.05,229,11.45,0.97,23.15,7.05,30.5
Wagner (NEC),20,13,7,65.0,71.2,68.7,2.5,35.6,32.2,3.4,26.65,60.25,44.2,12.1,16.85,71.8,5.85,18.4,31.8,22.5,51.8,43.4,258,12.9,246,12.3,1.05,20.55,7.1,34.5
SMU (AAC),17,11,6,64.7,74.6,68.1,6.5,36.7,34.9,1.8,26.82,58.76,45.6,13.35,18.35,72.8,7.65,21.82,35.0,23.24,57.41,40.5,260,15.29,238,14.0,1.09,22.41,7.88,35.2
North Texas (C-USA),28,18,10,64.3,69.8,62.3,7.5,33.0,30.9,2.1,25.61,54.14,47.3,10.93,14.68,74.5,7.64,20.39,37.5,22.11,53.64,41.2,373,13.32,358,12.79,1.04,19.07,6.36,33.3
Purdue (Big Ten),28,18,10,64.3,71.0,66.6,4.4,37.6,31.4,6.2,25.5,57.0,44.7,12.86,18.07,71.1,7.18,21.54,33.3,23.46,56.39,41.6,399,14.25,350,12.5,1.14,25.57,8.14,31.8
Syracuse (ACC),28,18,10,64.3,74.8,70.1,4.7,35.4,37.9,-2.5,26.54,60.07,44.2,13.29,17.0,78.2,8.46,24.25,34.9,25.25,61.57,41.0,419,14.96,317,11.32,1.32,27.21,8.64,31.8
Buffalo (MAC),25,16,9,64.0,81.4,72.9,8.4,43.8,35.6,8.2,30.64,66.48,46.1,13.08,19.48,67.1,7.0,20.72,33.8,26.52,63.96,41.5,397,15.88,347,13.88,1.14,21.04,6.04,28.7
Furman (SoCon),25,16,9,64.0,79.6,68.9,10.7,35.2,33.0,2.2,29.2,59.96,48.7,11.52,15.92,72.4,9.68,28.32,34.2,25.4,57.6,44.1,416,16.64,313,12.52,1.33,22.36,7.24,32.4
Morgan St. (MEAC),22,14,8,63.6,79.8,73.0,6.8,39.7,36.0,3.7,27.36,63.14,43.3,16.77,22.68,73.9,8.27,24.09,34.3,24.23,57.41,42.2,326,14.82,344,15.64,0.95,23.64,7.23,30.6
UC Riverside (Big West),22,14,8,63.6,70.2,63.6,6.5,36.3,32.9,3.5,26.0,58.18,44.7,9.05,12.82,70.6,9.14,24.64,37.1,23.0,57.18,40.2,308,14.0,264,12.0,1.17,20.0,6.36,31.8
Campbell (Big South),27,17,10,63.0,71.0,68.1,2.9,28.4,33.1,-4.7,25.89,52.19,49.6,12.0,17.7,67.8,7.22,19.26,37.5,24.93,54.3,45.9,387,14.33,327,12.11,1.18,20.56,6.33,30.8
Hartford (America East),24,15,9,62.5,65.4,63.9,1.5,33.3,35.1,-1.8,23.42,54.38,43.1,11.13,15.54,71.6,7.46,23.13,32.3,23.92,57.29,41.7,264,11.0,315,13.13,0.84,23.42,6.79,29.0
Wofford (SoCon),24,15,9,62.5,74.3,67.8,6.5,34.6,32.6,2.0,26.92,57.25,47.0,10.25,14.54,70.5,10.25,28.83,35.5,24.96,57.21,43.6,351,14.63,306,12.75,1.15,24.17,8.13,33.6
Mercer (SoCon),29,18,11,62.1,76.7,71.8,4.9,36.3,33.5,2.8,28.69,59.93,47.9,10.72,14.93,71.8,8.62,23.21,37.1,26.62,60.83,43.8,479,16.52,373,12.86,1.28,23.41,7.45,31.8
North Carolina (ACC),29,18,11,62.1,75.2,69.9,5.3,42.9,32.5,10.4,27.62,62.97,43.9,14.38,21.52,66.8,5.59,17.55,31.8,25.34,59.79,42.4,443,15.28,424,14.62,1.04,22.93,8.03,35.0
Oral Roberts (Summit League),29,18,11,62.1,81.1,75.6,5.5,34.7,39.5,-4.8,27.97,62.24,44.9,14.03,17.1,82.1,11.14,29.31,38.0,27.48,63.41,43.3,370,12.76,330,11.38,1.12,20.17,6.83,33.8
Texas Tech (Big 12),29,18,11,62.1,72.5,63.2,9.3,34.9,33.3,1.7,25.31,57.66,43.9,15.52,21.86,71.0,6.38,18.03,35.4,21.76,52.86,41.2,380,13.1,313,10.79,1.21,20.17,6.9,34.2
Xavier (Big East),21,13,8,61.9,74.8,70.2,4.6,37.7,36.6,1.1,28.05,61.19,45.8,11.0,15.86,69.4,7.71,23.71,32.5,25.76,62.38,41.3,369,17.57,235,11.19,1.57,23.24,7.86,33.8
Missouri (SEC),26,16,10,61.5,73.4,71.9,1.5,35.7,35.2,0.5,25.69,57.58,44.6,14.96,21.35,70.1,7.08,21.81,32.5,25.15,58.38,43.1,345,13.27,346,13.31,1.0,19.12,6.35,33.2
Nevada (Mountain West),26,16,10,61.5,73.7,69.7,4.0,35.7,34.5,1.2,24.85,55.58,44.7,16.27,21.54,75.5,7.73,21.81,35.4,22.77,55.69,40.9,374,14.38,331,12.73,1.13,24.54,8.15,33.2
Richmond (Atlantic 10),23,14,9,60.9,74.7,69.0,5.7,30.1,35.0,-5.0,27.13,57.43,47.2,12.87,17.7,72.7,7.52,21.04,35.7,25.74,55.83,46.1,327,14.22,241,10.48,1.36,20.35,6.43,31.6
South Alabama (Sun Belt),28,17,11,60.7,74.1,70.9,3.2,35.6,37.9,-2.4,25.54,57.89,44.1,13.89,19.36,71.8,9.14,25.25,36.2,25.0,60.93,41.0,314,11.21,333,11.89,0.94,31.43,10.43,33.2
Oregon St. (Pac-12),33,20,13,60.6,70.5,67.6,2.8,34.4,33.6,0.7,24.33,55.85,43.6,14.82,19.45,76.2,6.97,19.55,35.7,23.12,54.73,42.2,480,14.55,383,11.61,1.25,21.18,6.36,30.0
Florida (SEC),25,15,10,60.0,74.2,70.3,3.9,35.3,33.2,2.0,26.52,56.28,47.1,14.36,19.08,75.3,6.76,19.0,35.6,24.64,58.32,42.2,293,11.72,375,15.0,0.78,21.12,6.48,30.7
Indiana St. (MVC),25,15,10,60.0,66.5,65.8,0.7,31.8,33.4,-1.6,23.2,53.52,43.3,14.12,19.24,73.4,5.96,17.84,33.4,24.28,53.88,45.1,267,10.68,302,12.08,0.88,20.48,6.96,34.0
Drexel (CAA),20,12,8,60.0,70.3,67.4,3.0,33.9,29.8,4.0,25.7,55.0,46.7,11.7,15.0,78.0,7.25,19.55,37.1,25.2,56.2,44.8,298,14.9,255,12.75,1.17,18.55,5.95,32.1
Monmouth (MAAC),20,12,8,60.0,76.0,74.3,1.8,37.5,39.6,-2.1,25.9,61.3,42.3,16.55,23.4,70.7,7.7,21.2,36.3,25.2,60.0,42.0,280,14.0,268,13.4,1.04,24.2,7.95,32.9
New Mexico St. (WAC),20,12,8,60.0,71.1,64.2,7.0,36.1,30.4,5.7,24.6,57.8,42.6,13.15,18.05,72.9,8.75,27.65,31.6,22.6,52.55,43.0,249,12.45,244,12.2,1.02,19.15,6.2,32.4
Santa Clara (WCC),20,12,8,60.0,69.7,70.6,-0.9,36.5,36.1,0.3,24.3,56.05,43.4,15.55,22.75,68.4,5.5,17.95,30.6,25.15,60.6,41.5,240,12.0,260,13.0,0.92,21.95,7.1,32.3
Lafayette (Patriot),15,9,6,60.0,77.7,76.7,1.0,35.0,38.9,-3.9,27.0,61.87,43.6,15.07,18.73,80.4,8.6,23.87,36.0,28.13,61.27,45.9,243,16.2,163,10.87,1.49,18.47,6.13,33.2
Oklahoma (Big 12),27,16,11,59.3,74.5,69.9,4.7,35.7,36.2,-0.4,26.74,60.37,44.3,13.19,17.7,74.5,7.85,23.04,34.1,25.44,60.26,42.2,360,13.33,296,10.96,1.22,23.15,8.26,35.7
St. John's (NY) (Big East),27,16,11,59.3,79.0,76.7,2.2,36.0,37.9,-1.9,28.85,64.59,44.7,13.85,18.48,74.9,7.41,21.48,34.5,28.0,60.52,46.3,440,16.3,341,12.63,1.29,22.33,7.63,34.2
Davidson (Atlantic 10),22,13,9,59.1,71.8,64.1,7.6,34.5,30.0,4.5,26.05,55.18,47.2,9.86,14.36,68.7,9.82,27.0,36.4,22.82,53.45,42.7,332,15.09,236,10.73,1.41,21.86,7.36,33.7
George Mason (Atlantic 10),22,13,9,59.1,71.3,69.9,1.4,37.9,35.2,2.7,26.27,61.23,42.9,11.5,17.91,64.2,7.27,22.14,32.9,25.36,57.95,43.8,287,13.05,283,12.86,1.01,20.73,7.36,35.5
LMU (CA) (WCC),22,13,9,59.1,69.5,68.0,1.5,35.1,27.3,7.8,23.86,52.14,45.8,15.64,21.55,72.6,6.14,18.18,33.8,23.91,53.73,44.5,280,12.73,351,15.95,0.8,19.64,6.77,34.5
App State (Sun Belt),29,17,12,58.6,70.3,64.1,6.2,36.3,35.2,1.1,23.79,58.21,40.9,14.69,19.79,74.2,8.03,25.41,31.6,23.76,56.83,41.8,340,11.72,343,11.83,0.99,21.45,6.97,32.5
Dayton (Atlantic 10),24,14,10,58.3,69.8,67.8,2.0,33.0,33.2,-0.2,24.67,51.67,47.7,12.42,17.42,71.3,8.0,21.5,37.2,25.29,59.67,42.4,325,13.54,346,14.42,0.94,22.58,7.25,32.1
Saint Mary's (CA) (WCC),24,14,10,58.3,64.2,62.6,1.6,34.5,31.5,3.0,23.42,55.46,42.2,11.25,15.29,73.6,6.17,20.96,29.4,23.25,54.04,43.0,257,10.71,271,11.29,0.95,14.63,5.17,35.3
Wisconsin (Big Ten),31,18,13,58.1,69.9,64.6,5.3,33.6,35.0,-1.4,24.74,58.26,42.5,11.74,15.29,76.8,8.68,23.81,36.4,23.52,55.71,42.2,414,13.35,280,9.03,1.48,18.68,6.26,33.5
CSU Bakersfield (Big West),26,15,11,57.7,69.7,64.0,5.6,36.9,28.7,8.2,26.31,58.88,44.7,11.42,16.0,71.4,5.62,15.92,35.3,21.38,50.12,42.7,365,14.04,338,13.0,1.08,20.54,7.04,34.3
UTSA (C-USA),26,15,11,57.7,78.8,73.3,5.5,38.5,36.6,1.9,29.54,66.04,44.7,11.73,15.42,76.1,8.04,24.04,33.4,25.0,59.12,42.3,383,14.73,302,11.62,1.27,22.65,7.65,33.8
Ole Miss (SEC),28,16,12,57.1,68.8,63.6,5.2,36.6,31.9,4.6,25.0,56.68,44.1,13.61,19.39,70.2,5.21,17.36,30.0,22.25,53.0,42.0,342,12.21,392,14.0,0.87,19.32,6.82,35.3
Rutgers (Big Ten),28,16,12,57.1,69.2,67.6,1.6,35.3,36.4,-1.1,26.46,59.0,44.9,10.18,16.0,63.6,6.14,19.68,31.2,23.93,57.57,41.6,384,13.71,321,11.46,1.2,20.46,6.61,32.3
Marist (MAAC),21,12,9,57.1,63.4,63.6,-0.2,35.0,34.6,0.4,22.62,53.0,42.7,11.43,16.71,68.4,6.76,21.81,31.0,21.9,55.9,39.2,229,10.9,304,14.48,0.75,23.76,7.33,30.9
Fla. Atlantic (C-USA),23,13,10,56.5,78.1,66.8,11.3,40.4,32.6,7.8,28.35,61.26,46.3,11.7,17.7,66.1,9.7,25.52,38.0,23.17,56.0,41.4,335,14.57,318,13.83,1.05,20.43,6.96,34.0
Hofstra (CAA),23,13,10,56.5,73.1,73.0,0.1,35.5,35.4,0.0,25.87,58.35,44.3,13.78,19.26,71.6,7.57,22.91,33.0,26.87,60.13,44.7,293,12.74,279,12.13,1.05,22.91,7.74,33.8
Montana St. (Big Sky),23,13,10,56.5,74.0,72.0,2.1,33.8,32.9,0.9,25.48,56.43,45.1,16.91,22.39,75.5,6.17,18.74,32.9,24.09,56.17,42.9,254,11.04,290,12.61,0.88,21.7,7.48,34.5
NC State (ACC),25,14,11,56.0,72.8,69.7,3.1,32.5,33.6,-1.2,26.84,57.0,47.1,12.44,17.72,70.2,6.68,18.56,36.0,25.6,56.6,45.2,328,13.12,321,12.84,1.02,19.88,6.8,34.2
Northern Ky. (Horizon),25,14,11,56.0,71.4,71.2,0.1,34.9,33.7,1.2,26.32,59.08,44.5,11.56,16.4,70.5,7.16,23.36,30.7,25.64,56.84,45.1,295,11.8,312,12.48,0.95,21.2,7.52,35.5
Saint Peter's (MAAC),25,14,11,56.0,63.2,61.5,1.7,37.1,35.3,1.8,22.2,55.44,40.0,12.64,18.12,69.8,6.16,19.08,32.3,20.44,52.92,38.6,293,11.72,371,14.84,0.79,19.76,6.64,33.6
South Dakota (Summit League),25,14,11,56.0,76.0,72.2,3.8,34.8,34.2,0.7,26.96,57.56,46.8,14.6,18.72,78.0,7.44,19.12,38.9,24.64,58.6,42.0,349,13.96,268,10.72,1.3,23.2,8.08,34.8
Wyoming (Mountain West),25,14,11,56.0,76.6,75.5,1.1,32.6,36.8,-4.1,25.96,57.68,45.0,14.64,20.36,71.9,10.04,28.16,35.7,27.76,58.08,47.8,351,14.04,282,11.28,1.24,18.04,5.96,33.0
Lipscomb (ASUN),27,15,12,55.6,71.2,68.4,2.7,34.0,34.5,-0.5,25.44,55.3,46.0,12.89,18.63,69.2,7.41,21.07,35.1,25.74,59.48,43.3,364,13.48,326,12.07,1.12,25.37,8.11,32.0
North Dakota St. (Summit League),27,15,12,55.6,69.7,67.7,2.1,37.0,30.3,6.6,24.41,55.22,44.2,14.11,18.56,76.0,6.81,20.0,34.1,24.96,57.07,43.7,285,10.56,338,12.52,0.84,20.96,7.07,33.7
Pepperdine (WCC),27,15,12,55.6,76.9,73.6,3.3,35.0,35.4,-0.4,27.56,59.52,46.3,14.85,18.93,78.5,6.93,21.22,32.6,26.19,59.85,43.8,440,16.3,354,13.11,1.24,22.52,6.33,28.1
Radford (Big South),27,15,12,55.6,67.6,64.6,3.0,37.0,29.3,7.7,23.85,52.15,45.7,14.07,20.67,68.1,5.85,18.67,31.3,23.26,55.59,41.8,301,11.15,404,14.96,0.75,22.33,8.22,36.8
Youngstown St. (Horizon),27,15,12,55.6,74.4,72.2,2.2,36.7,34.8,1.9,26.56,61.93,42.9,14.44,19.89,72.6,6.89,22.44,30.7,26.59,58.11,45.8,349,12.93,310,11.48,1.13,23.04,8.11,35.2
FGCU (ASUN),18,10,8,55.6,71.8,69.0,2.8,38.9,37.5,1.4,26.83,62.56,42.9,10.0,15.06,66.4,8.11,27.72,29.3,25.61,60.83,42.1,246,13.67,265,14.72,0.93,22.72,7.11,31.3
UC Davis (Big West),18,10,8,55.6,71.9,71.6,0.3,31.7,33.2,-1.4,24.94,56.67,44.0,16.39,20.89,78.5,5.67,17.5,32.4,24.89,53.44,46.6,195,10.83,259,14.39,0.75,18.72,6.56,35.0
Maryland (Big Ten),31,17,14,54.8,68.9,65.6,3.3,32.7,33.9,-1.2,24.29,52.77,46.0,12.13,17.35,69.9,8.16,22.84,35.7,23.52,57.32,41.0,415,13.39,343,11.06,1.21,23.94,8.26,34.5
Mississippi St. (SEC),33,18,15,54.5,69.3,66.8,2.5,39.0,32.0,7.0,25.67,56.55,45.4,12.55,19.06,65.8,5.42,15.82,34.3,23.97,59.33,40.4,429,13.0,498,15.09,0.86,24.33,7.91,32.5
Army West Point (Patriot),22,12,10,54.5,71.7,69.5,2.2,34.6,35.2,-0.6,26.68,58.45,45.6,10.55,16.55,63.7,7.82,23.95,32.6,25.45,58.0,43.9,317,14.41,275,12.5,1.15,23.55,8.36,35.5
Detroit Mercy (Horizon),22,12,10,54.5,76.5,74.0,2.5,32.7,33.9,-1.2,27.18,58.64,46.4,11.91,14.82,80.4,10.23,26.14,39.1,27.59,59.59,46.3,315,14.32,253,11.5,1.25,25.32,9.32,36.8
Duke (ACC),24,13,11,54.2,76.0,71.3,4.7,35.5,33.7,1.8,28.83,61.63,46.8,9.96,14.42,69.1,8.38,23.79,35.2,25.96,57.0,45.5,390,16.25,307,12.79,1.27,18.38,6.54,35.6
Idaho St. (Big Sky),24,13,11,54.2,68.2,61.7,6.5,36.1,29.9,6.2,23.29,52.54,44.3,14.71,20.67,71.2,6.92,20.79,33.3,21.83,54.04,40.4,273,11.38,359,14.96,0.76,17.04,5.83,34.2
Bowling Green (MAC),26,14,12,53.8,77.5,74.6,2.9,38.5,39.5,-1.0,27.85,66.62,41.8,13.62,18.5,73.6,8.19,25.65,31.9,27.04,60.92,44.4,328,12.62,256,9.85,1.28,23.65,7.88,33.3
Georgia (SEC),26,14,12,53.8,77.5,78.0,-0.5,37.2,36.3,0.9,28.23,61.65,45.8,14.65,21.27,68.9,6.35,19.58,32.4,28.31,61.88,45.7,389,14.96,433,16.65,0.9,23.12,7.85,33.9
Canisius (MAAC),13,7,6,53.8,70.4,71.2,-0.8,34.6,36.5,-1.9,24.69,60.46,40.8,13.54,19.08,71.0,7.46,25.15,29.7,26.0,57.46,45.2,165,12.69,156,12.0,1.06,17.85,6.08,34.1
Michigan St. (Big Ten),28,15,13,53.6,69.4,71.1,-1.7,37.4,34.2,3.2,24.89,58.39,42.6,13.29,18.29,72.7,6.36,19.82,32.1,24.75,58.04,42.6,444,15.86,364,13.0,1.22,19.57,6.29,32.1
Montana (Big Sky),28,15,13,53.6,70.8,67.0,3.8,33.2,32.7,0.5,24.89,54.07,46.0,15.46,19.79,78.2,5.5,15.18,36.2,23.82,55.54,42.9,356,12.71,371,13.25,0.96,18.57,5.79,31.2
Rice (C-USA),28,15,13,53.6,73.9,73.6,0.2,37.1,35.2,1.9,26.11,59.29,44.0,11.43,15.64,73.1,10.21,28.57,35.8,28.21,63.11,44.7,427,15.25,410,14.64,1.04,21.89,7.75,35.4
Massachusetts (Atlantic 10),15,8,7,53.3,76.7,73.0,3.7,34.5,37.0,-2.5,26.27,61.33,42.8,15.4,21.0,73.3,8.8,27.0,32.6,26.87,58.67,45.8,224,14.93,181,12.07,1.24,17.73,6.0,33.8
Elon (CAA),19,10,9,52.6,65.7,65.0,0.7,34.3,33.4,0.9,23.63,57.05,41.4,10.37,14.0,74.1,8.11,24.89,32.6,22.16,51.84,42.7,206,10.84,218,11.47,0.94,21.32,6.79,31.9
New Hampshire (America East),19,10,9,52.6,67.3,66.6,0.6,37.2,35.0,2.2,23.79,59.21,40.2,12.89,18.84,68.4,6.79,21.37,31.8,22.84,53.21,42.9,213,11.21,209,11.0,1.02,18.68,6.42,34.4
Northeastern (CAA),19,10,9,52.6,67.2,68.3,-1.1,32.8,35.5,-2.7,24.05,54.95,43.8,10.58,14.26,74.2,8.53,24.11,35.4,25.21,58.37,43.2,234,12.32,257,13.53,0.91,18.37,5.95,32.4
Hawaii (Big West),21,11,10,52.4,71.6,69.1,2.4,35.8,32.1,3.7,25.43,57.52,44.2,12.9,17.9,72.1,7.81,21.71,36.0,25.76,58.1,44.3,246,11.71,291,13.86,0.85,17.62,5.76,32.7
N.C. A&T (MEAC),21,11,10,52.4,72.2,72.5,-0.3,35.0,40.6,-5.6,25.52,60.62,42.1,14.67,22.29,65.8,6.52,20.43,31.9,26.19,60.19,43.5,285,13.57,294,14.0,0.97,23.24,8.1,34.8
Cincinnati (AAC),23,12,11,52.2,68.9,72.1,-3.2,36.2,34.5,1.7,24.61,58.22,42.3,12.61,19.22,65.6,7.09,22.78,31.1,24.7,56.52,43.7,344,14.96,336,14.61,1.02,19.83,6.65,33.6
Miami (OH) (MAC),23,12,11,52.2,72.3,71.6,0.7,34.7,35.2,-0.5,26.0,59.52,43.7,11.74,15.13,77.6,8.57,23.48,36.5,26.0,58.09,44.8,278,12.09,249,10.83,1.12,23.91,8.52,35.6
Mount St. Mary's (NEC),23,12,11,52.2,63.2,62.2,1.0,37.3,32.2,5.1,22.91,53.96,42.5,10.78,16.09,67.0,6.61,19.78,33.4,22.87,56.52,40.5,266,11.57,297,12.91,0.9,18.35,5.61,30.6
Seattle U (WAC),23,12,11,52.2,72.9,68.6,4.3,33.7,37.7,-4.0,25.78,62.0,41.6,13.26,18.09,73.3,8.09,25.78,31.4,23.09,55.04,41.9,264,11.48,246,10.7,1.07,19.91,6.57,33.0
ETSU (SoCon),25,13,12,52.0,69.4,66.2,3.3,35.9,32.9,3.0,24.8,56.64,43.8,11.8,16.92,69.7,8.04,23.0,35.0,22.92,54.8,41.8,295,11.8,339,13.56,0.87,24.68,8.44,34.2
The Citadel (SoCon),25,13,12,52.0,80.8,78.4,2.4,37.8,37.3,0.5,28.32,62.64,45.2,13.88,19.8,70.1,10.24,28.8,35.6,29.08,65.04,44.7,389,15.56,303,12.12,1.28,22.48,7.0,31.1
VMI (SoCon),25,13,12,52.0,80.0,75.9,4.2,38.5,36.5,2.0,28.24,60.68,46.5,12.76,16.52,77.2,10.8,28.44,38.0,28.0,65.6,42.7,393,15.72,314,12.56,1.25,28.32,9.56,33.8
Austin Peay (OVC),27,14,13,51.9,74.3,70.0,4.3,34.5,31.7,2.7,27.15,59.89,45.3,12.85,17.11,75.1,7.19,21.22,33.9,25.44,53.96,47.2,357,13.22,397,14.7,0.9,20.04,7.19,35.9
Seton Hall (Big East),27,14,13,51.9,71.3,69.7,1.6,34.9,34.7,0.2,24.93,56.48,44.1,14.74,20.15,73.2,6.67,20.78,32.1,25.19,58.37,43.1,347,12.85,350,12.96,0.99,20.04,7.33,36.6
Stanford (Pac-12),27,14,13,51.9,69.7,69.6,0.1,33.5,33.5,0.0,25.11,54.11,46.4,14.15,19.74,71.7,5.37,16.7,32.2,24.78,59.59,41.6,332,12.3,403,14.93,0.82,23.7,7.96,33.6
Washington St. (Pac-12),27,14,13,51.9,68.6,67.4,1.2,38.1,34.9,3.2,23.44,57.0,41.1,14.04,19.78,71.0,7.7,22.59,34.1,24.04,57.96,41.5,328,12.15,411,15.22,0.8,19.04,5.96,31.3
Ga. Southern (Sun Belt),26,13,13,50.0,71.5,67.8,3.8,37.1,34.4,2.7,26.38,59.08,44.7,11.31,17.81,63.5,7.46,23.38,31.9,23.92,56.5,42.3,324,12.46,374,14.38,0.87,22.12,7.73,35.0
Georgetown (Big East),26,13,13,50.0,71.4,71.7,-0.2,39.8,34.8,5.0,24.77,58.5,42.3,13.58,18.04,75.3,8.31,22.77,36.5,26.12,61.88,42.2,333,12.81,395,15.19,0.84,24.65,8.35,33.9
Murray St. (OVC),26,13,13,50.0,76.4,66.9,9.5,36.1,32.0,4.1,29.12,58.54,49.7,10.0,14.88,67.2,8.15,22.15,36.8,23.85,56.85,41.9,435,16.73,347,13.35,1.25,23.23,7.42,32.0
Providence (Big East),26,13,13,50.0,69.8,69.7,0.1,35.7,36.4,-0.7,25.27,58.81,43.0,13.0,18.58,70.0,6.31,19.73,32.0,25.69,58.96,43.6,350,13.46,306,11.77,1.14,19.92,5.92,29.7
UT Arlington (Sun Belt),26,13,13,50.0,73.7,70.3,3.4,37.4,39.2,-1.7,26.04,63.81,40.8,12.58,17.08,73.6,9.04,25.35,35.7,25.35,59.92,42.3,356,13.69,312,12.0,1.14,21.23,7.58,35.7
Fresno St. (Mountain West),24,12,12,50.0,66.3,67.4,-1.1,35.5,32.2,3.3,23.0,53.71,42.8,13.46,20.21,66.6,6.83,20.79,32.9,23.63,54.54,43.3,249,10.38,344,14.33,0.72,20.88,7.29,34.9
Grambling (SWAC),24,12,12,50.0,67.4,68.7,-1.3,34.5,36.6,-2.2,23.42,54.71,42.8,15.33,23.04,66.5,5.21,15.71,33.2,23.25,58.29,39.9,337,14.04,370,15.42,0.91,22.21,7.54,34.0
UTEP (C-USA),24,12,12,50.0,70.8,68.5,2.2,34.5,35.4,-0.9,25.33,59.67,42.5,12.96,17.33,74.8,7.13,21.83,32.6,23.88,55.08,43.3,285,11.88,262,10.92,1.09,17.92,6.17,34.4
Northern Colo. (Big Sky),22,11,11,50.0,70.5,69.0,1.5,34.5,31.7,2.9,24.95,55.5,45.0,11.55,17.32,66.7,9.05,24.0,37.7,25.55,57.32,44.6,242,11.0,311,14.14,0.78,13.32,3.95,29.7
Utah Valley (WAC),22,11,11,50.0,74.2,74.3,-0.1,38.8,32.4,6.4,26.91,56.64,47.5,15.09,23.91,63.1,5.27,15.23,34.6,25.68,60.23,42.6,370,16.82,329,14.95,1.12,20.82,7.14,34.3
UNC Asheville (Big South),20,10,10,50.0,73.4,72.8,0.6,33.5,37.4,-4.0,27.4,57.6,47.6,10.55,17.4,60.6,8.05,22.5,35.8,26.65,59.6,44.7,254,12.7,301,15.05,0.84,18.5,6.0,32.4
Duquesne (Atlantic 10),18,9,9,50.0,66.9,67.1,-0.2,36.3,36.1,0.3,24.33,57.78,42.1,11.89,18.28,65.0,6.39,21.39,29.9,23.44,56.17,41.7,241,13.39,240,13.33,1.0,21.94,6.22,28.4
LIU (NEC),18,9,9,50.0,74.0,72.9,1.1,39.2,37.4,1.7,26.61,64.17,41.5,13.33,20.0,66.7,7.44,25.94,28.7,26.94,60.83,44.3,293,16.28,259,14.39,1.13,21.33,6.83,32.0
Pacific (WCC),18,9,9,50.0,69.8,70.7,-0.9,34.6,32.3,2.3,26.61,60.72,43.8,11.39,16.78,67.9,5.17,17.28,29.9,24.67,56.5,43.7,233,12.94,216,12.0,1.08,23.56,8.06,34.2
Sacred Heart (NEC),18,9,9,50.0,70.3,75.0,-4.7,35.9,37.6,-1.6,23.94,58.11,41.2,14.44,19.5,74.1,7.94,24.11,32.9,28.11,62.17,45.2,241,13.39,233,12.94,1.03,20.61,6.78,32.9
Minnesota (Big Ten),29,14,15,48.3,72.5,73.2,-0.7,36.8,39.9,-3.1,24.28,61.86,39.2,16.83,22.72,74.1,7.14,25.17,28.4,26.21,59.38,44.1,399,13.76,324,11.17,1.23,18.83,6.62,35.2
Auburn (SEC),27,13,14,48.1,77.2,76.4,0.7,39.4,36.3,3.1,26.33,60.3,43.7,15.44,21.81,70.8,9.07,27.81,32.6,27.7,63.26,43.8,400,14.81,439,16.26,0.91,22.44,7.33,32.7
Marquette (Big East),27,13,14,48.1,69.7,69.8,-0.1,36.3,33.8,2.4,24.48,54.96,44.5,14.15,19.26,73.5,6.63,20.56,32.3,24.67,59.59,41.4,333,12.33,388,14.37,0.86,22.07,7.48,33.9
Utah (Pac-12),25,12,13,48.0,72.1,69.8,2.3,31.3,34.0,-2.7,26.24,55.92,46.9,12.76,16.12,79.2,6.88,19.36,35.5,25.56,57.08,44.8,378,15.12,314,12.56,1.2,20.32,7.32,36.0
Tulsa (AAC),23,11,12,47.8,68.4,65.6,2.8,33.9,35.0,-1.1,24.61,54.87,44.8,12.26,18.09,67.8,6.91,21.91,31.5,22.61,55.3,40.9,327,14.22,307,13.35,1.07,23.48,7.87,33.5
UCF (AAC),23,11,12,47.8,67.2,69.4,-2.2,33.3,34.8,-1.6,23.57,54.87,42.9,12.26,16.83,72.9,7.83,22.04,35.5,24.52,57.0,43.0,285,12.39,340,14.78,0.84,21.91,7.17,32.7
UMass Lowell (America East),23,11,12,47.8,68.5,70.9,-2.4,34.5,33.0,1.5,24.35,53.91,45.2,13.26,20.04,66.2,6.52,18.83,34.6,24.17,56.7,42.6,267,11.61,334,14.52,0.8,20.61,6.52,31.6
Col. of Charleston (CAA),19,9,10,47.4,70.6,69.9,0.6,32.8,33.5,-0.7,25.32,56.11,45.1,11.63,16.37,71.1,8.32,22.21,37.4,24.47,55.0,44.5,201,10.58,196,10.32,1.03,21.89,7.89,36.1
St. Francis Brooklyn (NEC),19,9,10,47.4,77.7,79.5,-1.8,36.2,37.1,-0.8,28.53,63.95,44.6,14.42,19.63,73.5,6.21,18.74,33.1,27.37,59.21,46.2,271,14.26,229,12.05,1.18,20.16,7.68,38.1
UTRGV (WAC),19,9,10,47.4,72.4,67.7,4.7,39.1,39.8,-0.7,25.05,61.26,40.9,15.68,24.63,63.7,6.63,22.58,29.4,22.95,56.47,40.6,289,15.21,281,14.79,1.03,18.47,5.53,29.9
Delaware (CAA),15,7,8,46.7,67.5,67.5,0.1,35.3,32.9,2.4,23.13,52.87,43.8,14.13,19.8,71.4,7.13,21.4,33.3,24.07,57.07,42.2,188,12.53,216,14.4,0.87,19.6,6.73,34.4
Southern Ill. (MVC),26,12,14,46.2,65.5,68.1,-2.5,29.7,34.2,-4.5,23.62,52.38,45.1,10.23,15.38,66.5,8.08,21.54,37.5,25.46,55.65,45.7,352,13.54,311,11.96,1.13,22.62,7.69,34.0
TCU (Big 12),26,12,14,46.2,66.8,71.2,-4.5,34.7,34.4,0.3,24.04,54.92,43.8,11.96,17.81,67.2,6.73,19.92,33.8,26.31,58.58,44.9,340,13.08,371,14.27,0.92,20.31,6.81,33.5
Arkansas St. (Sun Belt),24,11,13,45.8,72.5,69.5,3.1,37.2,33.6,3.6,25.88,57.92,44.7,14.38,19.92,72.2,6.42,16.75,38.3,25.33,59.63,42.5,347,14.46,314,13.08,1.11,19.96,6.67,33.4
Jacksonville (ASUN),24,11,13,45.8,67.6,69.5,-1.9,33.3,36.1,-2.8,24.04,55.0,43.7,12.42,18.71,66.4,7.08,21.92,32.3,25.63,58.33,43.9,269,11.21,343,14.29,0.78,23.0,7.58,33.0
Kansas City (Summit League),24,11,13,45.8,70.1,62.6,7.5,30.4,30.0,0.4,26.75,53.83,49.7,10.42,15.79,66.0,6.21,16.96,36.6,20.17,46.58,43.3,355,14.79,300,12.5,1.18,17.42,5.67,32.5
Milwaukee (Horizon),22,10,12,45.5,75.5,76.3,-0.7,35.0,37.7,-2.7,26.73,61.27,43.6,14.86,20.32,73.2,7.23,22.0,32.9,26.45,58.55,45.2,285,12.95,244,11.09,1.17,23.05,8.73,37.9
Pittsburgh (ACC),22,10,12,45.5,71.2,70.1,1.0,38.3,33.1,5.2,25.18,58.32,43.2,14.27,21.5,66.4,6.55,19.36,33.8,24.68,56.77,43.5,321,14.59,278,12.64,1.15,22.95,7.41,32.3
Niagara (MAAC),20,9,11,45.0,64.7,65.2,-0.6,31.6,36.1,-4.5,22.4,54.95,40.8,13.45,19.0,70.8,6.4,20.45,31.3,22.65,53.35,42.5,236,11.8,199,9.95,1.19,22.1,7.5,33.9
Indiana (Big Ten),27,12,15,44.4,69.7,69.4,0.3,34.6,36.0,-1.5,24.22,55.93,43.3,15.41,23.19,66.5,5.85,18.07,32.4,24.26,57.0,42.6,376,13.93,322,11.93,1.17,21.41,7.15,33.4
Stetson (ASUN),27,12,15,44.4,71.3,70.2,1.1,35.5,34.1,1.4,25.44,58.78,43.3,11.3,16.22,69.6,9.11,24.7,36.9,25.59,57.22,44.7,370,13.7,357,13.22,1.04,21.22,7.33,34.6
UNLV (Mountain West),27,12,15,44.4,69.4,67.5,2.0,36.0,32.4,3.6,26.15,58.78,44.5,8.81,12.44,70.8,8.33,23.67,35.2,22.89,54.44,42.0,356,13.19,337,12.48,1.06,23.59,8.59,36.4
IUPUI (Horizon),18,8,10,44.4,71.2,75.8,-4.6,33.8,35.7,-1.9,25.11,59.39,42.3,13.0,18.11,71.8,7.94,23.11,34.4,27.39,57.72,47.4,239,13.28,250,13.89,0.96,20.06,6.11,30.5
Texas A&M (SEC),18,8,10,44.4,64.3,66.9,-2.7,33.5,32.3,1.2,22.28,53.67,41.5,13.22,18.22,72.6,6.5,21.72,29.9,24.0,53.28,45.0,218,12.11,266,14.78,0.82,25.28,8.61,34.1
Arizona St. (Pac-12),25,11,14,44.0,74.3,77.1,-2.8,31.8,39.6,-7.8,26.24,60.6,43.3,14.68,20.16,72.8,7.16,21.48,33.3,26.84,58.4,46.0,327,13.08,274,10.96,1.19,21.2,7.68,36.2
Hampton (Big South),25,11,14,44.0,68.8,73.2,-4.4,33.8,39.7,-5.9,24.76,57.48,43.1,11.92,16.44,72.5,7.4,22.28,33.2,25.48,59.48,42.8,292,11.68,318,12.72,0.92,22.48,7.6,33.8
Penn St. (Big Ten),25,11,14,44.0,72.6,73.0,-0.4,36.5,34.0,2.5,25.48,62.48,40.8,12.84,17.4,73.8,8.84,26.16,33.8,25.96,55.92,46.4,335,13.4,285,11.4,1.18,21.48,7.4,34.5
San Francisco (WCC),25,11,14,44.0,71.4,69.3,2.2,33.2,35.2,-2.0,25.88,60.52,42.8,9.32,13.0,71.7,10.36,30.36,34.1,24.2,53.56,45.2,295,11.8,292,11.68,1.01,14.96,4.88,32.6
Albany (NY) (America East),16,7,9,43.8,69.4,68.7,0.7,30.0,32.6,-2.6,24.69,55.19,44.7,13.63,18.81,72.4,6.38,18.94,33.7,25.13,55.88,45.0,187,11.69,201,12.56,0.93,20.63,7.13,34.5
Ball St. (MAC),23,10,13,43.5,74.7,75.5,-0.7,36.9,37.7,-0.8,26.65,60.17,44.3,12.96,17.26,75.1,8.48,24.78,34.2,26.57,61.7,43.1,318,13.83,331,14.39,0.96,23.39,7.26,31.0
Tulane (AAC),23,10,13,43.5,63.9,66.5,-2.6,32.7,38.7,-6.0,21.13,55.17,38.3,15.09,20.22,74.6,6.57,22.04,29.8,23.39,55.7,42.0,269,11.7,258,11.22,1.04,23.96,8.57,35.8
Bradley (MVC),28,12,16,42.9,69.6,66.6,3.0,36.9,33.7,3.2,26.29,58.43,45.0,10.14,14.04,72.3,6.86,21.54,31.8,23.36,56.07,41.7,382,13.64,346,12.36,1.1,24.39,9.04,37.0
Gardner-Webb (Big South),26,11,15,42.3,70.7,68.4,2.3,34.4,35.1,-0.7,25.04,56.35,44.4,11.65,16.88,69.0,8.92,24.73,36.1,23.0,55.15,41.7,339,13.04,304,11.69,1.12,22.42,7.65,34.1
Little Rock (Sun Belt),26,11,15,42.3,68.7,68.5,0.2,34.5,31.5,3.0,24.54,53.88,45.5,13.96,19.88,70.2,5.65,18.15,31.1,24.81,56.77,43.7,354,13.62,392,15.08,0.9,22.35,7.73,34.6
Notre Dame (ACC),26,11,15,42.3,72.7,74.3,-1.7,33.4,36.7,-3.3,26.12,56.88,45.9,11.38,14.73,77.3,9.08,24.69,36.8,28.35,64.04,44.3,387,14.88,275,10.58,1.41,23.0,8.42,36.6
East Carolina (AAC),19,8,11,42.1,66.8,67.9,-1.2,34.4,35.8,-1.5,23.63,57.58,41.0,13.79,19.05,72.4,5.74,18.89,30.4,23.0,54.32,42.3,303,15.95,240,12.63,1.26,23.11,7.42,32.1
Southern U. (SWAC),19,8,11,42.1,69.8,70.3,-0.4,36.3,33.6,2.7,24.47,56.68,43.2,15.42,22.95,67.2,5.47,16.95,32.3,24.05,57.26,42.0,267,14.05,309,16.26,0.86,18.32,6.05,33.0
McNeese (Southland),24,10,14,41.7,80.3,71.8,8.5,37.3,32.4,5.0,29.92,60.67,49.3,11.96,17.38,68.8,8.5,21.92,38.8,26.46,59.29,44.6,443,18.46,359,14.96,1.23,21.38,7.71,36.1
Bucknell (Patriot),12,5,7,41.7,74.9,77.3,-2.4,33.5,36.9,-3.4,25.92,56.92,45.5,15.75,20.67,76.2,7.33,22.25,33.0,27.83,63.58,43.8,144,12.0,152,12.67,0.95,20.58,7.42,36.0
Longwood (Big South),29,12,17,41.4,66.2,67.8,-1.6,32.9,33.3,-0.4,23.62,54.45,43.4,11.83,17.17,68.9,7.14,20.69,34.5,23.86,53.07,45.0,309,10.66,381,13.14,0.81,23.45,7.31,31.2
UNCW (CAA),17,7,10,41.2,76.3,73.7,2.6,32.2,35.6,-3.4,26.0,59.47,43.7,16.76,21.88,76.6,7.53,21.82,34.5,27.24,58.06,46.9,206,12.12,190,11.18,1.08,17.18,5.47,31.8
William & Mary (CAA),17,7,10,41.2,64.8,71.9,-7.1,33.8,36.1,-2.3,22.82,55.76,40.9,13.35,17.82,74.9,5.76,20.12,28.7,27.35,60.41,45.3,183,10.76,232,13.65,0.79,20.94,6.82,32.6
CSUN (Big West),22,9,13,40.9,72.1,77.7,-5.6,33.2,37.5,-4.3,25.45,60.14,42.3,13.45,18.5,72.7,7.73,22.86,33.8,27.32,58.36,46.8,293,13.32,261,11.86,1.12,23.36,8.36,35.8
Coppin St. (MEAC),22,9,13,40.9,72.8,79.1,-6.3,36.2,46.7,-10.5,24.05,58.5,41.1,15.95,25.64,62.2,8.77,28.91,30.3,28.5,68.45,41.6,286,13.0,348,15.82,0.82,27.91,8.59,30.8
Portland St. (Big Sky),22,9,13,40.9,68.7,66.5,2.2,37.8,34.6,3.2,24.18,60.68,39.9,13.45,19.86,67.7,6.91,23.5,29.4,22.64,51.82,43.7,247,11.23,305,13.86,0.81,17.41,6.32,36.3
Quinnipiac (MAAC),22,9,13,40.9,67.5,69.0,-1.5,36.0,39.7,-3.6,22.95,57.18,40.1,13.91,20.23,68.8,7.68,23.73,32.4,24.14,61.91,39.0,279,12.68,313,14.23,0.89,21.32,6.41,30.1
South Fla. (AAC),22,9,13,40.9,65.9,71.4,-5.5,37.8,33.8,4.0,23.45,58.05,40.4,12.68,19.91,63.7,6.27,19.18,32.7,25.14,56.27,44.7,251,11.41,308,14.0,0.81,23.59,8.14,34.5
UIC (Horizon),22,9,13,40.9,67.7,72.3,-4.6,34.8,37.2,-2.4,25.36,59.14,42.9,8.86,13.45,65.9,8.09,24.73,32.7,26.68,60.59,44.0,297,13.5,291,13.23,1.02,16.18,4.86,30.1
Southeast Mo. St. (OVC),27,11,16,40.7,69.0,71.7,-2.7,35.1,33.0,2.2,23.33,54.37,42.9,14.78,22.04,67.1,7.59,21.56,35.2,24.89,54.74,45.5,374,13.85,415,15.37,0.9,19.56,7.07,36.2
Western Caro. (SoCon),27,11,16,40.7,75.5,78.9,-3.3,34.3,35.0,-0.6,26.52,58.41,45.4,14.11,19.44,72.6,8.37,24.52,34.1,29.07,62.52,46.5,359,13.3,381,14.11,0.94,24.85,8.96,36.1
Oakland (Horizon),30,12,18,40.0,74.7,81.2,-6.5,35.1,38.9,-3.8,25.77,61.83,41.7,14.5,20.53,70.6,8.63,25.93,33.3,30.63,64.57,47.4,444,14.8,390,13.0,1.14,27.6,10.3,37.3
Butler (Big East),25,10,15,40.0,63.5,68.7,-5.2,32.3,33.9,-1.6,22.88,55.72,41.1,10.6,16.4,64.6,7.16,22.16,32.3,25.32,54.48,46.5,308,12.32,286,11.44,1.08,20.48,7.16,35.0
New Orleans (Southland),25,10,15,40.0,76.0,76.4,-0.4,35.2,35.5,-0.3,28.12,59.04,47.6,14.24,19.32,73.7,5.48,16.68,32.9,27.36,60.44,45.3,391,15.64,421,16.84,0.93,19.96,6.36,31.9
Rhode Island (Atlantic 10),25,10,15,40.0,71.4,71.1,0.4,38.5,35.0,3.4,25.4,57.44,44.2,14.92,22.32,66.8,5.72,18.32,31.2,24.88,59.8,41.6,303,12.12,353,14.12,0.86,22.52,7.44,33.0
UNI (MVC),25,10,15,40.0,69.5,71.2,-1.6,35.8,33.5,2.3,25.88,58.44,44.3,10.32,15.12,68.3,7.44,22.88,32.5,26.04,57.48,45.3,329,13.16,327,13.08,1.01,24.36,8.0,32.8
Florida A&M (SWAC),20,8,12,40.0,65.7,68.5,-2.8,35.5,35.4,0.1,25.0,56.3,44.4,10.95,16.8,65.2,4.75,15.15,31.4,24.8,58.05,42.7,265,13.25,338,16.9,0.78,21.05,6.0,28.5
Sacramento St. (Big Sky),20,8,12,40.0,72.2,72.1,0.1,31.6,32.9,-1.4,26.55,57.85,45.9,12.4,18.25,67.9,6.65,18.1,36.7,26.35,54.5,48.3,255,12.75,202,10.1,1.26,19.15,6.85,35.8
Alabama A&M (SWAC),15,6,9,40.0,63.3,67.2,-3.9,38.5,38.8,-0.3,23.13,57.87,40.0,11.53,18.4,62.7,5.53,19.07,29.0,23.33,59.4,39.3,165,11.0,229,15.27,0.72,19.8,5.6,28.3
American (Patriot),10,4,6,40.0,69.1,73.6,-4.5,32.6,35.1,-2.5,24.8,55.7,44.5,10.5,14.9,70.5,9.0,23.8,37.8,26.8,58.4,45.9,128,12.8,158,15.8,0.81,17.2,5.0,29.1
Troy (Sun Belt),28,11,17,39.3,65.3,69.4,-4.0,37.7,36.0,1.7,22.71,57.0,39.8,13.79,19.82,69.5,6.11,22.11,27.6,24.86,58.11,42.8,320,11.43,417,14.89,0.77,22.21,7.89,35.5
Stony Brook (America East),23,9,14,39.1,66.2,65.6,0.6,38.0,35.5,2.6,23.61,57.3,41.2,12.87,18.87,68.2,6.09,20.57,29.6,23.17,56.87,40.7,278,12.09,319,13.87,0.87,22.65,7.52,33.2
Boston U. (Patriot),18,7,11,38.9,69.4,73.9,-4.6,35.3,33.7,1.7,25.06,57.5,43.6,12.33,16.44,75.0,6.94,21.83,31.8,27.5,58.33,47.1,190,10.56,225,12.5,0.84,20.5,7.33,35.8
Northwestern St. (Southland),29,11,18,37.9,72.6,79.7,-7.1,35.6,39.6,-4.0,26.55,61.66,43.1,12.28,18.28,67.2,7.24,20.79,34.8,29.07,61.48,47.3,376,12.97,419,14.45,0.9,21.48,6.93,32.3
Fairleigh Dickinson (NEC),24,9,15,37.5,75.0,78.8,-3.7,33.9,37.0,-3.2,26.88,59.67,45.0,13.21,18.54,71.2,8.08,21.54,37.5,28.33,60.83,46.6,287,11.96,340,14.17,0.84,23.42,7.83,33.5
High Point (Big South),24,9,15,37.5,66.7,69.9,-3.2,35.5,34.1,1.4,23.5,56.54,41.6,14.88,21.67,68.7,4.79,16.5,29.0,24.25,54.67,44.4,292,12.17,303,12.63,0.96,24.54,8.71,35.5
Northwestern (Big Ten),24,9,15,37.5,70.2,70.0,0.2,33.7,35.9,-2.2,25.29,58.42,43.3,11.33,15.79,71.8,8.33,23.58,35.3,24.42,57.04,42.8,352,14.67,284,11.83,1.24,24.33,8.04,33.0
Cal St. Fullerton (Big West),16,6,10,37.5,77.0,78.6,-1.6,32.9,36.2,-3.3,26.88,59.44,45.2,15.06,20.38,73.9,8.19,21.31,38.4,29.19,61.38,47.6,218,13.63,205,12.81,1.06,21.19,8.31,39.2
Fairfield (MAAC),27,10,17,37.0,61.8,66.7,-4.9,35.2,34.4,0.9,21.48,53.93,39.8,12.78,18.37,69.6,6.04,19.15,31.5,24.56,56.19,43.7,271,10.04,350,12.96,0.77,18.74,6.11,32.6
Miami (FL) (ACC),27,10,17,37.0,66.4,71.0,-4.5,35.0,34.7,0.3,23.96,56.44,42.5,12.96,18.52,70.0,5.56,18.81,29.5,26.74,59.63,44.8,305,11.3,340,12.59,0.9,24.3,9.19,37.8
NJIT (America East),19,7,12,36.8,66.1,70.2,-4.1,31.4,37.2,-5.8,23.16,57.26,40.4,13.53,19.58,69.1,6.26,20.53,30.5,26.0,56.05,46.4,181,9.53,212,11.16,0.85,20.16,6.68,33.2
UIW (Southland),22,8,14,36.4,68.0,71.7,-3.8,31.3,35.2,-3.9,23.82,53.55,44.5,12.68,18.05,70.3,7.64,20.41,37.4,26.64,57.45,46.4,269,12.23,314,14.27,0.86,18.77,5.73,30.5
Charlotte (C-USA),25,9,16,36.0,63.5,66.7,-3.2,31.2,31.9,-0.8,21.8,50.44,43.2,14.16,19.36,73.1,5.72,17.64,32.4,24.88,55.48,44.8,282,11.28,335,13.4,0.84,21.44,7.0,32.6
Evansville (MVC),25,9,16,36.0,64.8,69.6,-4.8,26.8,32.0,-5.2,22.84,51.96,44.0,9.48,13.2,71.8,9.6,25.48,37.7,25.8,50.2,51.4,291,11.64,274,10.96,1.06,14.64,6.0,41.0
Kentucky (SEC),25,9,16,36.0,70.4,70.2,0.3,38.0,36.2,1.8,24.6,59.04,41.7,14.84,20.36,72.9,6.4,19.08,33.5,25.12,60.84,41.3,314,12.56,349,13.96,0.9,21.0,6.56,31.2
La Salle (Atlantic 10),25,9,16,36.0,68.1,73.5,-5.4,33.2,35.4,-2.2,25.32,58.12,43.6,9.64,14.08,68.5,7.8,22.92,34.0,25.8,56.72,45.5,318,12.72,361,14.44,0.88,21.36,7.0,32.8
Vanderbilt (SEC),25,9,16,36.0,71.8,72.4,-0.6,33.7,34.7,-1.0,24.36,56.64,43.0,13.72,18.64,73.6,9.32,26.68,34.9,25.84,56.44,45.8,318,12.72,346,13.84,0.92,21.04,7.12,33.8
Lamar University (Southland),28,10,18,35.7,65.8,72.4,-6.5,34.6,37.0,-2.4,23.93,57.43,41.7,13.0,17.71,73.4,4.96,15.89,31.2,26.68,58.75,45.4,332,11.86,396,14.14,0.84,20.86,8.07,38.7
Valparaiso (MVC),28,10,18,35.7,65.0,67.9,-2.9,32.9,36.9,-4.0,23.57,56.29,41.9,11.14,15.32,72.7,6.75,22.68,29.8,25.04,57.36,43.6,356,12.71,346,12.36,1.03,20.5,6.82,33.3
N.C. Central (MEAC),14,5,9,35.7,67.3,71.6,-4.4,31.9,37.3,-5.4,23.79,56.5,42.1,12.93,18.64,69.3,6.79,20.0,33.9,24.71,55.07,44.9,169,12.07,205,14.64,0.82,19.64,6.71,34.2
Loyola Maryland (Patriot),17,6,11,35.3,72.1,70.9,1.2,37.6,33.7,3.9,27.12,58.35,46.5,12.47,20.65,60.4,5.41,17.71,30.6,24.76,57.71,42.9,221,13.0,245,14.41,0.9,21.35,7.41,34.7
Manhattan (MAAC),20,7,13,35.0,63.4,67.2,-3.9,36.4,37.0,-0.7,21.95,58.25,37.7,13.75,20.65,66.6,5.75,21.75,26.4,22.15,52.2,42.4,237,11.85,288,14.4,0.82,17.25,5.7,33.0
North Florida (ASUN),23,8,15,34.8,69.6,75.0,-5.4,32.7,36.9,-4.2,24.78,55.74,44.5,10.09,14.13,71.4,9.96,27.17,36.6,27.35,61.09,44.8,297,12.91,344,14.96,0.86,18.13,6.04,33.3
Purdue Fort Wayne (Horizon),23,8,15,34.8,75.1,78.7,-3.5,31.3,32.2,-0.9,27.43,54.74,50.1,11.39,16.52,68.9,8.87,22.17,40.0,28.26,61.57,45.9,329,14.3,393,17.09,0.84,24.22,8.13,33.6
FIU (C-USA),26,9,17,34.6,73.6,76.3,-2.7,32.6,38.3,-5.7,26.54,61.69,43.0,10.04,15.08,66.6,10.5,31.38,33.5,27.88,59.04,47.2,390,15.0,380,14.62,1.03,18.69,6.73,36.0
North Dakota (Summit League),26,9,17,34.6,68.7,75.7,-7.0,32.5,35.7,-3.2,23.96,55.92,42.8,13.5,19.35,69.8,7.31,21.69,33.7,27.5,58.42,47.1,306,11.77,340,13.08,0.9,18.62,7.15,38.4
SIUE (OVC),26,9,17,34.6,65.7,73.0,-7.2,32.8,35.1,-2.3,23.81,53.96,44.1,12.12,17.81,68.0,6.0,18.85,31.8,26.15,57.85,45.2,337,12.96,416,16.0,0.81,22.23,7.5,33.7
Eastern Ill. (OVC),27,9,18,33.3,69.4,74.9,-5.5,35.1,36.5,-1.4,26.19,60.11,43.6,10.15,15.44,65.7,6.89,21.26,32.4,26.74,59.3,45.1,360,13.33,383,14.19,0.94,22.11,8.04,36.3
UT Martin (OVC),24,8,16,33.3,65.5,77.0,-11.5,32.3,36.9,-4.6,23.17,58.04,39.9,12.25,17.04,71.9,6.88,20.63,33.3,27.08,55.88,48.5,289,12.04,343,14.29,0.84,23.42,8.63,36.8
Eastern Mich. (MAC),18,6,12,33.3,70.4,75.7,-5.3,33.0,37.7,-4.7,24.89,59.83,41.6,13.5,18.11,74.5,7.11,22.83,31.1,28.11,58.72,47.9,198,11.0,221,12.28,0.9,25.28,9.39,37.1
Long Beach St. (Big West),18,6,12,33.3,73.8,79.4,-5.7,35.0,39.6,-4.6,25.89,58.17,44.5,14.94,21.94,68.1,7.06,19.67,35.9,27.61,64.33,42.9,210,11.67,288,16.0,0.73,24.39,8.39,34.4
Green Bay (Horizon),25,8,17,32.0,71.6,76.5,-4.9,32.8,36.0,-3.2,26.24,60.28,43.5,12.32,16.44,74.9,6.8,20.44,33.3,27.8,58.72,47.3,352,14.08,269,10.76,1.31,20.12,7.28,36.2
Southern Miss. (C-USA),25,8,17,32.0,64.2,66.7,-2.5,35.2,34.3,1.0,24.12,55.84,43.2,10.6,15.68,67.6,5.36,16.84,31.8,23.6,55.8,42.3,302,12.08,352,14.08,0.86,24.8,8.28,33.4
Presbyterian (Big South),22,7,15,31.8,64.1,67.1,-3.0,33.6,32.0,1.6,22.68,54.5,41.6,12.95,18.91,68.5,5.82,19.0,30.6,23.0,50.27,45.8,235,10.68,334,15.18,0.7,18.14,6.27,34.6
Western Ill. (Summit League),22,7,15,31.8,73.0,79.4,-6.4,38.1,36.5,1.6,25.0,61.95,40.4,15.86,22.18,71.5,7.14,22.59,31.6,27.64,58.45,47.3,225,10.23,285,12.95,0.79,19.95,7.86,39.4
Alcorn (SWAC),19,6,13,31.6,66.1,75.6,-9.5,32.0,34.9,-2.9,22.89,58.26,39.3,14.37,19.79,72.6,5.95,19.79,30.1,25.42,52.21,48.7,177,9.32,276,14.53,0.64,20.37,7.05,34.6
Samford (SoCon),19,6,13,31.6,76.8,79.5,-2.6,39.7,36.1,3.6,28.47,64.11,44.4,11.95,17.42,68.6,7.95,25.47,31.2,26.37,60.26,43.8,283,14.89,309,16.26,0.92,29.63,10.32,34.8
Holy Cross (Patriot),16,5,11,31.2,70.6,76.1,-5.4,32.7,36.7,-4.0,26.44,59.5,44.4,10.81,15.5,69.8,6.94,19.63,35.4,27.25,58.38,46.7,193,12.06,206,12.88,0.94,19.31,6.88,35.6
Temple (AAC),16,5,11,31.2,65.8,68.8,-3.0,36.2,37.0,-0.8,21.75,54.25,40.1,15.13,21.13,71.6,7.19,21.0,34.2,24.06,59.0,40.8,214,13.38,213,13.31,1.0,22.44,7.69,34.3
California (Pac-12),29,9,20,31.0,65.4,69.2,-3.8,31.6,32.4,-0.8,22.79,52.97,43.0,12.79,18.34,69.7,7.03,21.45,32.8,24.93,53.69,46.4,346,11.93,370,12.76,0.94,17.52,6.55,37.4
Kansas St. (Big 12),29,9,20,31.0,61.8,70.2,-8.4,32.9,32.9,-0.1,22.38,54.38,41.2,10.45,15.72,66.4,6.59,22.24,29.6,24.83,54.0,46.0,377,13.0,431,14.86,0.87,21.93,8.0,36.5
Southeastern La. (Southland),26,8,18,30.8,68.3,77.7,-9.4,34.1,36.2,-2.0,22.73,57.62,39.5,16.0,23.62,67.8,6.81,23.35,29.2,26.92,55.85,48.2,261,10.04,414,15.92,0.63,21.92,7.85,35.8
Central Mich. (MAC),23,7,16,30.4,76.8,79.8,-3.0,36.2,38.7,-2.5,27.43,61.61,44.5,15.3,22.74,67.3,6.61,20.09,32.9,29.04,63.74,45.6,246,10.7,308,13.39,0.8,25.3,8.74,34.5
George Washington (Atlantic 10),17,5,12,29.4,68.1,72.3,-4.2,34.2,35.2,-0.9,24.18,54.59,44.3,13.76,19.71,69.9,6.0,18.53,32.4,27.24,60.82,44.8,194,11.41,233,13.71,0.83,22.18,7.59,34.2
Portland (WCC),21,6,15,28.6,69.5,83.2,-13.8,28.6,38.8,-10.2,23.24,56.52,41.1,15.71,20.29,77.5,7.29,21.48,33.9,31.48,62.62,50.3,250,11.9,292,13.9,0.86,25.9,9.71,37.5
South Carolina (SEC),21,6,15,28.6,72.5,79.1,-6.6,36.0,37.9,-2.0,26.95,64.95,41.5,11.86,18.14,65.4,6.76,22.19,30.5,26.95,58.19,46.3,280,13.33,313,14.9,0.89,21.62,7.95,36.8
Illinois St. (MVC),25,7,18,28.0,72.0,74.8,-2.8,35.2,36.0,-0.7,27.16,59.08,46.0,9.84,14.88,66.1,7.8,22.64,34.5,27.68,61.84,44.8,345,13.8,345,13.8,1.0,25.64,7.92,30.9
New Mexico (Mountain West),22,6,16,27.3,65.3,71.7,-6.5,38.1,35.0,3.1,24.45,59.23,41.3,11.59,19.36,59.9,4.77,17.36,27.5,25.32,57.05,44.4,277,12.59,328,14.91,0.84,24.0,8.18,34.1
Northern Ariz. (Big Sky),22,6,16,27.3,63.2,74.5,-11.4,28.5,33.9,-5.3,22.95,54.41,42.2,10.95,16.55,66.2,6.32,18.05,35.0,26.5,52.91,50.1,238,10.82,259,11.77,0.92,23.32,8.64,37.0
Saint Francis (PA) (NEC),22,6,16,27.3,68.9,73.4,-4.5,35.4,35.7,-0.3,24.59,57.55,42.7,13.82,19.36,71.4,5.86,18.95,30.9,26.86,59.18,45.4,282,12.82,312,14.18,0.9,22.77,7.14,31.3
Wake Forest (ACC),22,6,16,27.3,66.3,72.0,-5.7,32.6,34.0,-1.4,22.77,55.55,41.0,11.86,16.32,72.7,8.86,25.55,34.7,25.86,55.14,46.9,252,11.45,300,13.64,0.84,20.09,7.59,37.8
ULM (Sun Belt),26,7,19,26.9,64.2,68.9,-4.7,30.5,37.5,-6.9,23.42,56.31,41.6,9.92,14.12,70.3,7.46,21.96,34.0,24.08,55.08,43.7,355,13.65,338,13.0,1.05,20.12,7.35,36.5
Lehigh (Patriot),15,4,11,26.7,68.3,76.6,-8.3,34.9,35.5,-0.7,25.87,60.07,43.1,11.73,16.73,70.1,4.87,15.4,31.6,27.47,58.6,46.9,191,12.73,196,13.07,0.97,20.2,7.4,36.6
DePaul (Big East),19,5,14,26.3,65.8,71.9,-6.2,37.7,37.6,0.1,25.32,60.74,41.7,9.74,14.37,67.8,5.42,17.21,31.5,24.74,59.32,41.7,217,11.42,300,15.79,0.72,24.05,7.42,30.9
Rider (MAAC),23,6,17,26.1,67.5,74.0,-6.5,33.3,34.1,-0.9,24.52,57.3,42.8,12.17,16.61,73.3,6.3,17.87,35.3,26.13,56.48,46.3,284,12.35,291,12.65,0.98,22.65,8.0,35.3
Nebraska (Big Ten),27,7,20,25.9,70.0,74.2,-4.3,36.2,39.8,-3.6,24.85,59.41,41.8,11.81,18.48,63.9,8.44,25.33,33.3,26.33,62.48,42.1,369,13.67,380,14.07,0.97,28.56,8.89,31.1
Saint Joseph's (Atlantic 10),20,5,15,25.0,72.2,82.6,-10.4,33.8,41.5,-7.8,25.3,61.9,40.9,12.0,16.55,72.5,9.55,30.45,31.4,30.1,63.9,47.1,287,14.35,281,14.05,1.02,23.5,8.25,35.1
Houston Baptist (Southland),25,6,19,24.0,71.0,80.3,-9.2,34.2,38.2,-4.0,25.4,59.44,42.7,12.16,16.6,73.3,8.08,23.52,34.4,29.6,62.96,47.0,356,14.24,418,16.72,0.85,24.2,8.32,34.4
Central Conn. St. (NEC),21,5,16,23.8,68.5,77.4,-8.9,31.6,39.1,-7.5,24.86,58.57,42.4,11.67,16.62,70.2,7.14,22.05,32.4,28.19,60.0,47.0,270,12.86,298,14.19,0.91,23.57,8.29,35.2
San Jose St. (Mountain West),21,5,16,23.8,65.8,81.3,-15.6,34.4,44.9,-10.5,23.48,59.86,39.2,11.33,17.33,65.4,7.48,23.52,31.8,30.05,66.57,45.1,213,10.14,265,12.62,0.8,26.33,8.24,31.3
Western Mich. (MAC),21,5,16,23.8,63.1,72.0,-8.9,34.0,36.4,-2.4,23.76,54.9,43.3,8.86,13.86,63.9,6.71,20.33,33.0,26.67,61.48,43.4,245,11.67,305,14.52,0.8,23.62,7.43,31.5
Alabama St. (SWAC),18,4,14,22.2,64.2,71.6,-7.3,36.3,37.6,-1.3,21.28,56.06,38.0,15.5,23.94,64.7,6.17,19.44,31.7,25.33,57.89,43.8,175,9.72,291,16.17,0.6,18.44,6.0,32.5
Binghamton (America East),18,4,14,22.2,65.4,72.3,-6.9,35.7,35.4,0.3,23.89,57.72,41.4,9.0,13.39,67.2,8.67,26.22,33.1,25.89,57.61,44.9,199,11.06,250,13.89,0.8,20.78,7.61,36.6
Towson (CAA),18,4,14,22.2,67.4,74.9,-7.5,36.9,34.8,2.2,24.11,58.61,41.1,14.22,19.56,72.7,5.0,17.28,28.9,26.56,59.28,44.8,170,9.44,224,12.44,0.76,24.22,9.28,38.3
Maine (America East),9,2,7,22.2,53.1,64.6,-11.4,31.4,35.6,-4.1,19.11,50.22,38.1,7.78,13.67,56.9,7.11,22.56,31.5,23.11,54.22,42.6,108,12.0,147,16.33,0.73,21.22,6.56,30.9
Middle Tenn. (C-USA),23,5,18,21.7,62.0,70.7,-8.7,33.7,36.0,-2.3,22.22,57.52,38.6,10.13,14.83,68.3,7.43,22.96,32.4,26.52,56.22,47.2,229,9.96,345,15.0,0.66,19.0,6.09,32.0
USC Upstate (Big South),23,5,18,21.7,65.9,74.4,-8.6,31.2,35.8,-4.7,23.39,55.13,42.4,11.65,16.17,72.0,7.43,22.04,33.7,26.48,56.09,47.2,276,12.0,325,14.13,0.85,21.04,7.35,34.9
San Diego (WCC),14,3,11,21.4,66.2,77.1,-10.9,33.5,39.1,-5.6,25.14,60.5,41.6,10.07,15.5,65.0,5.86,19.29,30.4,27.71,58.71,47.2,185,13.21,184,13.14,1.01,18.57,7.14,38.5
Robert Morris (Horizon),19,4,15,21.1,72.3,78.6,-6.3,34.0,37.6,-3.6,27.26,61.53,44.3,10.32,15.74,65.6,7.47,20.74,36.0,27.74,59.21,46.8,299,15.74,254,13.37,1.18,22.16,8.53,38.5
A&M-Corpus Christi (Southland),24,5,19,20.8,64.8,71.5,-6.8,34.0,36.2,-2.2,22.58,54.0,41.8,13.21,19.29,68.5,6.38,19.33,33.0,25.67,58.42,43.9,308,12.83,401,16.71,0.77,20.29,6.58,32.4
Central Ark. (Southland),24,5,19,20.8,70.9,80.5,-9.7,37.2,35.6,1.6,25.25,57.83,43.7,13.29,18.54,71.7,7.08,19.5,36.3,28.92,63.63,45.4,322,13.42,419,17.46,0.77,24.46,9.08,37.1
Kennesaw St. (ASUN),24,5,19,20.8,65.5,69.7,-4.2,34.0,33.9,0.0,23.79,56.63,42.0,11.04,16.75,65.9,6.83,21.92,31.2,25.25,55.88,45.2,260,10.83,341,14.21,0.76,18.67,5.92,31.7
Air Force (Mountain West),25,5,20,20.0,58.7,71.9,-13.2,23.1,34.6,-11.5,20.88,46.8,44.6,10.0,14.44,69.3,6.96,21.08,33.0,26.16,52.36,50.0,308,12.32,361,14.44,0.85,21.2,7.76,36.6
Omaha (Summit League),25,5,20,20.0,67.3,78.0,-10.6,34.1,37.7,-3.6,25.0,59.76,41.8,12.0,17.44,68.8,5.32,15.88,33.5,27.92,60.0,46.5,236,9.44,326,13.04,0.72,21.76,8.36,38.4
Boston College (ACC),20,4,16,20.0,71.3,79.5,-8.2,33.3,37.1,-3.8,25.0,59.3,42.2,12.35,17.6,70.2,9.0,27.3,33.0,29.65,60.4,49.1,230,11.5,275,13.75,0.84,21.75,7.7,35.4
Howard (MEAC),5,1,4,20.0,72.6,84.8,-12.2,35.4,39.6,-4.2,24.6,56.6,43.5,15.8,22.0,71.8,7.6,24.6,30.9,31.2,66.6,46.8,74,14.8,72,14.4,1.03,27.4,9.8,35.8
Washington (Pac-12),26,5,21,19.2,67.7,77.4,-9.7,31.2,39.0,-7.8,24.65,58.19,42.4,10.77,15.27,70.5,7.58,22.81,33.2,27.65,60.92,45.4,280,10.77,355,13.65,0.79,20.15,7.04,34.9
Tennessee Tech (OVC),27,5,22,18.5,66.6,76.9,-10.3,33.7,34.5,-0.9,24.3,56.19,43.2,10.26,15.19,67.6,7.7,24.0,32.1,28.74,59.81,48.0,382,14.15,430,15.93,0.89,22.96,8.11,35.3
Tennessee St. (OVC),23,4,19,17.4,68.4,74.0,-5.6,33.7,38.2,-4.4,24.7,58.35,42.3,13.0,19.04,68.3,6.0,20.87,28.8,25.0,56.17,44.5,268,11.65,353,15.35,0.76,20.61,7.0,34.0
Cal Poly (Big West),24,4,20,16.7,61.5,70.8,-9.4,32.4,37.5,-5.0,21.63,54.79,39.5,11.67,16.17,72.2,6.54,20.46,32.0,24.88,56.58,44.0,298,12.42,333,13.88,0.89,19.0,6.71,35.3
Ark.-Pine Bluff (SWAC),25,4,21,16.0,62.0,76.8,-14.9,32.3,36.9,-4.6,20.96,54.24,38.6,15.12,20.92,72.3,4.92,16.0,30.8,27.2,57.36,47.4,240,9.6,394,15.76,0.61,19.12,7.64,40.0
Delaware St. (MEAC),19,3,16,15.8,70.8,85.7,-14.9,35.7,41.1,-5.4,24.63,62.26,39.6,13.53,18.79,72.0,8.0,25.89,30.9,29.16,62.26,46.8,216,11.37,321,16.89,0.67,23.79,8.47,35.6
Northern Ill. (MAC),19,3,16,15.8,62.3,77.4,-15.1,36.2,37.2,-0.9,24.0,60.16,39.9,8.84,14.37,61.5,5.47,16.89,32.4,26.89,57.68,46.6,204,10.74,261,13.74,0.78,23.89,9.32,39.0
Charleston So. (Big South),21,3,18,14.3,65.5,73.8,-8.3,35.7,37.8,-2.1,22.86,56.29,40.6,12.14,17.0,71.4,7.62,24.1,31.6,26.43,59.62,44.3,218,10.38,346,16.48,0.63,22.19,7.62,34.3
Fordham (Atlantic 10),14,2,12,14.3,51.8,66.6,-14.8,29.7,38.5,-8.8,18.36,51.14,35.9,9.43,14.07,67.0,5.64,21.0,26.9,23.71,54.57,43.5,153,10.93,187,13.36,0.82,26.07,8.71,33.4
Denver (Summit League),21,2,19,9.5,69.8,79.1,-9.3,30.3,34.4,-4.1,24.71,55.81,44.3,13.67,18.95,72.1,6.71,19.19,35.0,26.67,55.9,47.7,251,11.95,311,14.81,0.81,21.57,8.24,38.2
Iowa St. (Big 12),24,2,22,8.3,65.6,76.7,-11.1,31.6,38.0,-6.5,24.63,58.88,41.8,9.04,11.54,78.3,7.29,22.75,32.1,27.17,58.67,46.3,278,11.58,358,14.92,0.78,20.08,6.63,33.0
Mississippi Val. (SWAC),24,2,22,8.3,56.8,87.4,-30.5,31.2,45.3,-14.1,20.0,56.13,35.6,7.92,13.83,57.2,8.92,27.13,32.9,32.13,66.33,48.4,264,11.0,429,17.88,0.62,24.08,8.63,35.8
South Carolina St. (MEAC),18,1,17,5.6,61.2,78.6,-17.3,31.3,38.8,-7.6,22.28,57.39,38.8,9.83,15.83,62.1,6.83,21.56,31.7,28.0,57.22,48.9,178,9.89,312,17.33,0.57,20.89,7.44,35.6
Idaho (Big Sky),22,1,21,4.5,61.0,76.5,-15.4,29.9,34.2,-4.4,22.23,51.5,43.2,11.05,15.23,72.5,5.55,16.27,34.1,26.73,56.55,47.3,266,12.09,360,16.36,0.74,20.77,7.91,38.1
Chicago St. (WAC),9,0,9,0.0,55.4,88.7,-33.2,26.0,42.4,-16.4,20.0,55.22,36.2,9.78,14.0,69.8,5.67,22.56,25.1,32.78,62.0,52.9,89,9.89,140,15.56,0.64,22.78,9.0,39.5
