Team,Games,W,L,Pct,PPG,OPP PPG,SCR MAR,RPG,OPP RPG,REB MAR,FGPG,FGAPG,FG%,FTPG,FTAPG,FT%,3FGPG,3FGAPG,3FG%,OPP FGPG,OPP FGAPG,OPP FG%,Opp 3FGAPG,Opp 3FGPG,Opp 3FG%,Rank,ASTPG,TOPG,Ratio
Virginia (ACC),38,35,3,92.1,71.4,56.1,15.3,34.8,29.7,5.1,26,54,47.4,11.71,15.74,74.4,8.45,21.39,39.5,20,53,38.5,22.32,6.45,28.9,5,14.32,9.0,1.59
Gonzaga (WCC),37,33,4,89.2,87.6,64.9,22.8,39.0,32.2,6.8,32,61,52.6,16.27,21.38,76.1,7.76,21.35,36.3,24,61,38.9,21.27,6.46,30.4,2,18.05,10.65,1.7
Houston (AAC),37,33,4,89.2,75.3,61.0,14.3,40.6,33.4,7.2,27,60,44.6,13.24,18.84,70.3,9.0,25.38,35.5,20,55,36.8,22.59,6.3,27.9,35,14.76,11.08,1.33
Buffalo (MAC),36,32,4,88.9,84.4,70.8,13.5,40.8,37.0,3.8,30,65,46.2,14.64,21.31,68.7,9.56,28.39,33.7,25,61,42.0,22.0,6.56,29.8,17,16.64,12.03,1.38
Wofford (SoCon),35,30,5,85.7,82.3,65.6,16.7,35.0,29.3,5.8,30,61,49.0,11.6,16.49,70.4,11.0,26.54,41.4,23,55,42.5,22.09,7.09,32.1,16,15.09,10.89,1.39
New Mexico St. (WAC),35,30,5,85.7,78.1,64.5,13.6,38.4,28.7,9.7,27,60,46.0,13.83,20.4,67.8,9.31,27.91,33.4,23,54,41.9,21.57,7.2,33.4,68,14.69,11.97,1.23
Nevada (Mountain West),34,29,5,85.3,80.1,66.7,13.4,37.4,34.9,2.6,27,59,46.2,17.0,24.0,70.8,8.74,25.15,34.7,24,58,41.0,23.26,7.74,33.2,15,14.65,10.35,1.41
Murray St. (OVC),33,28,5,84.8,82.6,68.3,14.3,37.9,34.7,3.2,30,61,49.2,14.94,20.39,73.3,7.82,22.15,35.3,25,61,41.1,21.61,6.18,28.6,9,17.91,12.12,1.48
Duke (ACC),38,32,6,84.2,82.7,67.8,14.9,41.2,35.4,5.8,30,64,47.8,14.5,21.13,68.6,7.32,23.76,30.8,25,64,39.8,22.21,6.66,30.0,64,15.95,12.84,1.24
UC Irvine (Big West),37,31,6,83.8,72.3,63.6,8.7,39.9,33.0,7.0,27,58,45.7,12.14,17.3,70.2,6.81,18.95,35.9,22,57,38.2,19.32,6.51,33.7,127,13.03,11.92,1.09
Tennessee (SEC),37,31,6,83.8,82.0,69.7,12.3,37.6,34.3,3.3,30,60,49.6,15.16,20.11,75.4,7.08,19.3,36.7,24,59,40.4,24.14,8.41,34.8,3,17.86,11.14,1.6
Michigan St. (Big Ten),39,32,7,82.1,77.6,65.0,12.6,40.5,31.7,8.8,27,57,48.0,14.46,19.21,75.3,8.18,21.64,37.8,23,61,38.1,22.69,7.18,31.6,11,18.33,12.64,1.45
Belmont (OVC),33,27,6,81.8,86.9,73.9,13.0,38.6,35.3,3.3,32,63,49.8,13.36,18.12,73.7,10.39,27.94,37.2,27,64,42.4,22.55,7.67,34.0,1,19.55,11.42,1.71
Texas Tech (Big 12),38,31,7,81.6,72.8,59.5,13.3,34.1,32.8,1.3,26,56,46.9,13.37,18.26,73.2,7.29,19.97,36.5,20,53,37.0,21.47,6.39,29.8,101,13.63,12.03,1.13
Michigan (Big Ten),37,30,7,81.1,69.6,58.3,11.3,35.2,34.3,0.9,25,57,44.8,10.97,15.65,70.1,7.76,22.68,34.2,22,56,39.7,16.84,4.89,29.1,8,13.84,9.08,1.52
Kentucky (SEC),37,30,7,81.1,75.8,64.7,11.1,38.5,29.2,9.4,26,55,47.7,17.16,23.22,73.9,5.81,16.41,35.4,23,58,40.0,22.27,7.65,34.3,140,13.54,12.59,1.08
North Carolina (ACC),36,29,7,80.6,85.8,73.2,12.6,43.8,33.4,10.4,31,67,46.4,15.03,20.22,74.3,8.67,23.94,36.2,26,62,41.6,27.36,9.17,33.5,13,18.81,13.11,1.43
Liberty (ASUN),36,29,7,80.6,73.7,61.4,12.4,32.6,30.7,1.9,27,55,48.7,11.28,14.56,77.5,8.94,24.25,36.9,22,53,41.7,19.81,6.42,32.4,28,14.78,10.97,1.35
UNC Greensboro (SoCon),36,29,7,80.6,76.1,67.9,8.2,34.7,33.8,0.9,28,61,45.7,12.89,18.5,69.7,7.78,22.72,34.2,24,55,43.8,21.28,7.36,34.6,143,12.58,11.75,1.07
Cincinnati (AAC),35,28,7,80.0,71.7,62.7,9.0,36.1,31.1,5.0,25,58,43.2,15.26,21.66,70.4,6.63,19.23,34.5,22,53,41.0,22.86,8.11,35.5,52,13.31,10.43,1.28
LSU (SEC),35,28,7,80.0,80.4,73.1,7.3,38.7,34.3,4.5,28,62,45.7,17.23,22.91,75.2,6.74,21.14,31.9,26,60,43.2,23.8,8.03,33.7,200,12.91,12.94,1.0
Utah St. (Mountain West),35,28,7,80.0,78.6,67.1,11.5,40.1,31.3,8.8,27,58,47.0,15.97,21.34,74.8,7.83,22.06,35.5,23,57,39.3,22.86,8.06,35.3,33,17.09,12.77,1.34
Abilene Christian (Southland),34,27,7,79.4,73.6,63.6,10.0,32.6,31.8,0.9,26,56,46.9,13.44,18.88,71.2,7.38,19.41,38.0,22,51,43.4,17.0,5.62,33.0,46,15.41,11.97,1.29
Vermont (America East),34,27,7,79.4,73.8,63.0,10.7,35.1,30.9,4.2,25,56,45.8,14.91,19.94,74.8,8.03,22.38,35.9,23,54,41.9,20.38,7.06,34.6,151,11.74,11.09,1.06
Florida St. (ACC),37,29,8,78.4,74.9,67.2,7.7,37.6,33.1,4.5,26,59,44.2,15.65,21.03,74.4,7.35,22.14,33.2,23,56,40.7,21.7,7.27,33.5,230,12.84,13.3,0.97
Lipscomb (ASUN),37,29,8,78.4,83.1,70.2,12.9,37.2,33.3,4.0,29,60,48.0,16.41,21.65,75.8,8.84,23.68,37.3,25,60,41.7,23.65,7.54,31.9,34,17.68,13.24,1.33
Hofstra (CAA),35,27,8,77.1,83.4,72.9,10.5,33.4,33.0,0.4,29,59,48.6,17.57,21.91,80.2,8.8,22.86,38.5,27,60,45.2,22.34,7.74,34.7,12,14.06,9.8,1.43
Toledo (MAC),33,25,8,75.8,76.9,68.4,8.5,38.9,35.2,3.8,27,60,45.2,12.42,16.09,77.2,9.85,26.06,37.8,25,61,41.1,21.42,6.79,31.7,30,16.33,12.15,1.34
VCU (Atlantic 10),33,25,8,75.8,71.0,61.9,9.1,36.7,35.7,1.0,25,57,43.8,14.21,20.27,70.1,7.12,23.36,30.5,21,55,38.7,18.3,5.21,28.5,217,13.64,13.94,0.98
Furman (SoCon),33,25,8,75.8,77.6,66.1,11.5,35.5,34.3,1.1,28,59,47.4,11.03,15.39,71.7,10.24,28.33,36.1,25,59,41.9,22.7,7.18,31.6,46,15.88,12.33,1.29
Auburn (SEC),40,30,10,75.0,79.7,68.8,11.0,34.2,35.3,-1.1,27,61,45.0,13.5,19.0,71.1,11.35,30.1,37.7,24,54,43.7,23.43,8.08,34.5,67,14.3,11.65,1.23
Washington (Pac-12),36,27,9,75.0,69.8,64.8,5.0,31.3,34.6,-3.3,25,54,45.1,13.11,18.86,69.5,7.58,21.67,35.0,23,54,41.6,19.19,6.42,33.4,292,11.64,13.36,0.87
Old Dominion (C-USA),35,26,9,74.3,65.7,60.9,4.8,39.0,34.3,4.7,24,58,40.6,11.09,16.71,66.3,7.54,21.6,34.9,21,54,39.1,21.86,7.09,32.4,138,12.54,11.66,1.08
Virginia Tech (ACC),35,26,9,74.3,73.5,62.1,11.5,32.6,30.2,2.4,26,54,47.0,13.17,17.31,76.1,9.34,23.74,39.4,22,53,40.8,26.49,8.66,32.7,25,15.17,11.23,1.35
Montana (Big Sky),35,26,9,74.3,76.1,68.5,7.7,33.6,31.3,2.3,28,57,49.2,12.23,17.74,68.9,8.2,21.8,37.6,24,54,43.2,19.89,6.74,33.9,70,14.57,11.94,1.22
Northern Ky. (Horizon),35,26,9,74.3,78.5,68.9,9.6,37.1,32.6,4.5,28,59,47.8,13.8,20.71,66.6,8.74,24.14,36.2,24,57,42.0,22.23,6.97,31.4,32,16.91,12.6,1.34
Kansas St. (Big 12),34,25,9,73.5,65.8,59.6,6.2,33.3,32.1,1.1,24,55,42.9,11.26,16.88,66.7,7.09,21.21,33.4,21,51,41.5,21.79,6.85,31.4,77,13.65,11.32,1.21
Yale (Ivy League),30,22,8,73.3,80.9,73.4,7.5,38.6,34.3,4.3,30,60,49.3,13.7,18.57,73.8,7.67,21.13,36.3,26,63,41.2,23.93,7.43,31.1,51,16.77,13.07,1.28
Col. of Charleston (CAA),33,24,9,72.7,74.3,68.6,5.7,32.1,31.6,0.5,27,55,48.3,14.24,18.64,76.4,6.88,20.21,34.0,25,56,44.7,23.97,7.97,33.2,113,11.73,10.52,1.12
Jacksonville St. (OVC),33,24,9,72.7,78.0,69.2,8.8,39.7,33.3,6.4,29,62,46.2,14.18,19.09,74.3,6.06,19.18,31.6,24,59,41.3,24.21,8.18,33.8,186,13.52,13.3,1.02
Stony Brook (America East),33,24,9,72.7,71.6,66.3,5.3,40.8,34.5,6.3,25,59,42.1,15.18,21.06,72.1,7.06,21.67,32.6,23,57,39.5,24.03,7.21,30.0,328,11.27,14.52,0.78
UCF (AAC),33,24,9,72.7,72.3,64.5,7.8,36.8,34.6,2.2,25,53,46.5,15.7,24.18,64.9,6.94,19.03,36.5,23,59,39.4,22.55,7.06,31.3,114,13.3,11.97,1.11
South Dakota St. (Summit League),33,24,9,72.7,84.5,73.5,11.0,38.2,33.4,4.7,30,60,50.1,14.97,19.24,77.8,9.91,24.3,40.8,26,63,41.9,30.06,10.33,34.4,57,14.82,11.79,1.26
Kansas (Big 12),36,26,10,72.2,75.7,70.1,5.6,38.3,35.1,3.2,27,59,46.5,13.53,19.19,70.5,7.22,20.64,35.0,25,61,40.8,25.58,8.58,33.6,210,13.28,13.42,0.99
Purdue (Big Ten),36,26,10,72.2,76.7,67.3,9.4,37.2,32.0,5.1,27,60,45.1,12.81,17.81,71.9,10.14,27.14,37.4,23,55,41.6,23.94,8.19,34.2,23,14.39,10.61,1.36
Villanova (Big East),36,26,10,72.2,73.7,67.4,6.4,34.9,33.2,1.8,25,56,43.8,14.06,19.31,72.8,10.56,30.03,35.2,24,56,43.6,22.19,7.61,34.3,59,13.97,11.14,1.25
Fresno St. (Mountain West),32,23,9,71.9,76.5,67.6,8.9,35.7,34.2,1.5,26,58,45.4,12.88,17.88,72.0,10.69,28.03,38.1,23,56,41.9,22.97,7.03,30.6,98,14.28,12.5,1.14
Utah Valley (WAC),35,25,10,71.4,77.1,70.7,6.4,36.2,32.1,4.1,27,55,48.2,15.83,21.83,72.5,8.09,21.14,38.2,25,60,42.5,21.57,7.54,35.0,204,13.83,13.91,0.99
Texas St. (Sun Belt),34,24,10,70.6,72.6,64.8,7.8,38.0,31.9,6.1,26,58,44.4,13.94,20.41,68.3,7.18,21.88,32.8,22,53,41.2,20.76,6.41,30.9,132,14.5,13.38,1.08
Marquette (Big East),34,24,10,70.6,77.3,69.5,7.8,38.2,33.8,4.5,26,58,45.4,15.41,20.35,75.7,9.38,24.18,38.8,24,59,40.5,21.18,6.85,32.4,226,13.41,13.85,0.97
Georgia St. (Sun Belt),34,24,10,70.6,76.4,73.3,3.1,32.6,39.3,-6.6,27,58,45.9,13.59,20.41,66.6,9.71,25.26,38.4,26,60,42.5,27.24,8.94,32.8,150,12.21,11.5,1.06
Drake (MVC),34,24,10,70.6,75.4,70.2,5.2,35.7,34.1,1.6,27,57,46.7,13.76,18.18,75.7,8.21,22.74,36.1,26,60,42.7,21.85,6.62,30.3,93,15.24,13.21,1.15
Davidson (Atlantic 10),34,24,10,70.6,70.9,65.6,5.3,34.9,33.6,1.3,25,56,45.0,11.56,15.44,74.9,9.18,25.94,35.4,23,56,40.8,24.56,8.09,32.9,39,14.68,11.15,1.32
ETSU (SoCon),34,24,10,70.6,79.6,69.7,9.9,39.7,29.6,10.1,30,61,48.6,12.5,18.65,67.0,8.06,22.29,36.1,25,57,43.5,22.97,8.71,37.9,121,15.71,14.21,1.11
Temple (AAC),33,23,10,69.7,74.7,71.5,3.2,34.4,37.0,-2.6,26,61,43.7,14.3,19.67,72.7,7.48,22.67,33.0,25,57,44.3,22.03,7.24,32.9,45,14.42,11.15,1.29
UC Santa Barbara (Big West),32,22,10,68.8,73.4,66.1,7.4,37.9,31.3,6.6,26,57,45.4,15.5,21.66,71.6,6.38,18.56,34.3,24,56,42.6,20.19,6.19,30.7,71,13.47,11.09,1.21
Colgate (Patriot),35,24,11,68.6,75.7,70.2,5.4,35.4,31.7,3.7,27,57,47.9,11.94,16.09,74.2,9.14,23.29,39.3,25,58,43.5,23.54,7.91,33.6,83,15.46,13.03,1.19
San Francisco (WCC),31,21,10,67.7,76.1,67.8,8.3,36.7,33.5,3.2,28,60,46.7,12.0,18.32,65.5,8.32,23.45,35.5,25,57,43.3,18.9,6.03,31.9,19,14.16,10.35,1.37
Arizona St. (Pac-12),34,23,11,67.6,77.6,73.4,4.2,39.6,35.6,4.0,26,59,44.7,17.65,25.94,68.0,7.06,21.0,33.6,24,59,41.3,25.71,8.59,33.4,215,13.5,13.74,0.98
Maryland (Big Ten),34,23,11,67.6,71.4,65.5,5.9,39.3,30.9,8.4,25,56,44.9,13.71,18.44,74.3,7.26,20.79,34.9,23,59,39.7,23.24,7.41,31.9,183,13.15,12.91,1.02
Wisconsin (Big Ten),34,23,11,67.6,68.6,61.7,6.9,35.2,35.5,-0.3,26,57,44.9,10.12,15.62,64.8,7.09,19.76,35.9,23,57,39.7,20.06,6.32,31.5,40,12.65,9.65,1.31
Northeastern (CAA),34,23,11,67.6,75.4,70.8,4.6,31.6,32.0,-0.4,26,54,47.6,14.0,18.65,75.1,9.65,25.24,38.2,26,57,46.0,20.41,6.88,33.7,56,14.12,11.21,1.26
Mississippi St. (SEC),34,23,11,67.6,77.3,70.4,6.9,35.7,31.9,3.8,28,58,47.2,13.65,19.03,71.7,8.59,22.76,37.7,25,57,43.8,20.82,7.44,35.7,145,14.15,13.26,1.07
NC State (ACC),36,24,12,66.7,80.1,71.3,8.7,38.5,34.2,4.3,29,64,45.8,13.0,18.36,70.8,8.11,23.06,35.2,25,57,44.1,19.42,6.0,30.9,80,14.97,12.47,1.2
Austin Peay (OVC),33,22,11,66.7,82.2,73.1,9.1,37.1,34.5,2.6,29,62,47.2,15.09,21.36,70.6,8.12,21.27,38.2,26,58,45.1,21.91,7.27,33.2,91,13.76,11.88,1.16
Kent St. (MAC),33,22,11,66.7,75.2,73.2,1.9,35.9,34.5,1.4,27,62,43.2,14.06,19.42,72.4,7.91,23.48,33.7,26,57,45.9,21.58,7.39,34.3,100,13.03,11.45,1.14
Radford (Big South),33,22,11,66.7,73.9,68.1,5.8,35.4,31.8,3.6,27,59,46.1,11.18,15.61,71.7,8.64,22.76,37.9,24,55,43.4,24.58,8.33,33.9,42,14.15,10.85,1.3
Oregon (Pac-12),38,25,13,65.8,70.0,62.2,7.8,34.2,32.8,1.4,25,56,45.1,11.84,16.42,72.1,7.76,22.11,35.1,21,53,39.8,24.24,7.03,29.0,105,13.18,11.66,1.13
Iowa St. (Big 12),35,23,12,65.7,76.9,68.1,8.8,35.1,34.7,0.3,28,58,47.6,12.86,17.57,73.2,8.4,23.17,36.3,25,60,41.8,23.49,7.89,33.6,24,15.06,11.14,1.35
Gardner-Webb (Big South),35,23,12,65.7,77.7,70.5,7.1,34.0,35.1,-1.1,27,56,48.7,15.06,21.17,71.1,8.03,20.54,39.1,25,60,41.5,27.17,8.86,32.6,66,14.34,11.63,1.23
Central Mich. (MAC),35,23,12,65.7,82.7,76.9,5.9,37.7,38.4,-0.7,28,62,45.5,17.4,25.94,67.1,8.71,23.49,37.1,29,64,44.9,22.97,6.74,29.4,124,13.34,12.14,1.1
Iowa (Big Ten),35,23,12,65.7,78.3,73.9,4.4,35.6,34.8,0.8,26,57,45.6,17.91,24.26,73.9,8.14,22.34,36.4,27,60,44.8,24.74,8.03,32.4,54,15.49,12.2,1.27
Omaha (Summit League),32,21,11,65.6,78.8,76.7,2.2,32.7,33.8,-1.1,30,62,47.5,10.66,14.78,72.1,8.81,22.47,39.2,28,59,46.9,26.06,9.44,36.2,29,12.78,9.5,1.35
Northern Colo. (Big Sky),32,21,11,65.6,76.6,69.7,6.9,35.3,32.4,2.9,27,57,46.2,13.91,19.78,70.3,9.59,26.53,36.2,26,58,45.0,17.88,6.56,36.7,153,13.19,12.47,1.06
Saint Mary's (CA) (WCC),34,22,12,64.7,72.4,64.3,8.2,34.7,29.2,5.4,26,56,47.2,12.12,16.32,74.2,7.44,19.71,37.8,24,54,43.8,17.06,5.47,32.1,243,10.03,10.5,0.96
Bowling Green (MAC),34,22,12,64.7,78.5,73.4,5.1,41.1,35.7,5.3,28,63,44.3,14.88,22.21,67.0,8.0,22.41,35.7,26,61,42.6,26.41,9.03,34.2,169,12.56,12.09,1.04
LMU (CA) (WCC),34,22,12,64.7,67.0,62.5,4.5,32.3,29.6,2.7,24,53,45.4,14.15,18.97,74.6,4.79,15.0,32.0,21,50,42.0,21.44,6.76,31.6,134,13.53,12.5,1.08
Lehigh (Patriot),31,20,11,64.5,80.0,77.8,2.1,35.6,35.0,0.7,28,57,48.2,15.48,20.0,77.4,9.26,21.9,42.3,27,63,43.0,26.94,9.1,33.8,109,15.19,13.52,1.12
Colorado (Pac-12),36,23,13,63.9,73.6,67.5,6.1,37.6,31.3,6.3,26,57,45.4,15.83,21.03,75.3,6.39,19.75,32.3,24,58,42.4,21.58,6.86,31.8,201,13.28,13.33,1.0
Saint Louis (Atlantic 10),36,23,13,63.9,66.6,63.8,2.8,39.6,33.1,6.5,24,57,41.7,13.44,22.47,59.8,5.69,18.75,30.4,22,54,41.0,20.25,6.39,31.6,205,12.78,12.86,0.99
Sam Houston (Southland),33,21,12,63.6,75.0,69.9,5.1,36.1,34.3,1.8,27,61,44.2,11.82,15.7,75.3,9.33,25.45,36.7,23,54,43.6,21.76,7.33,33.7,31,16.82,12.52,1.34
North Texas (C-USA),33,21,12,63.6,69.8,62.9,6.8,37.8,33.2,4.6,25,58,43.5,10.79,16.12,66.9,8.61,25.39,33.9,22,54,40.7,19.82,6.21,31.3,234,12.97,13.48,0.96
Ga. Southern (Sun Belt),33,21,12,63.6,82.6,75.4,7.2,36.2,34.9,1.3,31,61,49.9,15.09,21.82,69.2,6.18,19.15,32.3,27,62,44.2,23.7,7.76,32.7,282,12.21,13.7,0.89
Bucknell (Patriot),33,21,12,63.6,76.8,73.3,3.5,35.0,35.2,-0.3,26,58,45.0,14.82,19.79,74.9,9.42,26.82,35.1,26,60,43.5,20.94,6.97,33.3,53,15.73,12.36,1.27
Dayton (Atlantic 10),33,21,12,63.6,72.9,66.2,6.8,34.7,32.0,2.7,27,54,50.4,12.03,17.42,69.0,6.21,18.7,33.2,24,59,41.4,23.82,7.64,32.1,41,16.39,12.55,1.31
Texas Southern (SWAC),38,24,14,63.2,81.6,79.2,2.5,39.5,38.4,1.2,29,63,45.5,17.32,25.95,66.7,7.26,22.42,32.4,29,64,45.1,22.89,7.97,34.8,195,15.55,15.47,1.01
South Fla. (AAC),38,24,14,63.2,72.4,67.2,5.2,39.0,32.3,6.7,24,56,43.0,17.32,26.79,64.6,7.16,21.55,33.2,23,54,42.1,20.0,6.39,32.0,300,13.71,15.89,0.86
NJIT (ASUN),35,22,13,62.9,70.6,68.6,2.0,33.7,35.7,-2.0,24,55,44.4,15.09,20.91,72.1,7.03,20.37,34.5,25,58,42.7,21.91,7.2,32.9,280,10.74,12.03,0.89
Prairie View (SWAC),35,22,13,62.9,75.1,72.8,2.3,32.9,37.6,-4.7,26,59,43.8,17.03,25.0,68.1,6.43,20.09,32.0,25,54,45.7,19.4,6.14,31.7,199,12.71,12.71,1.0
Brown (Ivy League),32,20,12,62.5,73.6,68.9,4.7,36.2,36.2,0.0,25,57,44.3,15.31,21.41,71.5,7.97,23.28,34.2,25,59,41.7,24.19,7.31,30.2,265,13.06,14.31,0.91
Marshall (C-USA),37,23,14,62.2,80.5,80.5,0.0,34.1,41.9,-7.9,28,64,44.2,14.11,19.54,72.2,9.78,28.59,34.2,29,63,45.8,22.32,7.92,35.5,87,14.27,12.24,1.17
TCU (Big 12),37,23,14,62.2,73.8,69.6,4.2,36.4,34.1,2.3,27,59,45.7,12.68,18.59,68.2,7.59,21.97,34.6,26,60,42.9,21.49,6.54,30.4,82,16.16,13.49,1.2
UMBC (America East),34,21,13,61.8,67.5,64.0,3.5,33.7,33.3,0.4,24,56,43.3,11.62,16.85,68.9,7.68,23.74,32.3,22,52,41.8,25.71,8.5,33.1,158,13.29,12.62,1.05
St. John's (NY) (Big East),34,21,13,61.8,77.1,74.8,2.4,32.9,38.8,-5.9,28,62,45.0,13.12,18.24,71.9,8.5,23.79,35.7,25,58,43.5,24.35,8.32,34.2,38,13.88,10.53,1.32
San Diego St. (Mountain West),34,21,13,61.8,71.7,67.4,4.3,36.1,34.4,1.7,25,57,43.6,14.29,19.97,71.6,7.68,21.21,36.2,23,57,41.0,23.88,7.74,32.4,95,14.32,12.47,1.15
Penn (Ivy League),31,19,12,61.3,72.6,68.3,4.3,35.6,35.8,-0.2,26,58,45.4,10.52,16.48,63.8,9.1,25.9,35.1,26,59,43.2,19.45,6.52,33.5,85,15.0,12.74,1.18
Harvard (Ivy League),31,19,12,61.3,71.7,70.1,1.5,36.1,31.6,4.5,25,55,46.0,12.52,17.35,72.1,8.39,23.29,36.0,25,57,43.5,21.58,7.35,34.1,335,11.9,15.84,0.75
Memphis (AAC),36,22,14,61.1,80.1,74.4,5.6,37.8,35.9,1.9,28,62,45.2,16.56,23.19,71.4,7.22,22.42,32.2,25,60,42.3,23.75,7.64,32.2,177,15.36,15.0,1.02
Minnesota (Big Ten),36,22,14,61.1,70.6,69.4,1.3,36.5,34.8,1.7,25,57,43.5,16.06,23.56,68.2,5.31,16.75,31.7,26,59,43.8,19.83,6.75,34.0,61,14.53,11.64,1.25
Norfolk St. (MEAC),36,22,14,61.1,73.7,69.5,4.1,36.6,36.3,0.3,25,58,43.3,15.83,22.31,71.0,7.83,21.39,36.6,23,56,40.9,23.58,7.75,32.9,289,12.69,14.53,0.87
Southern Miss. (C-USA),33,20,13,60.6,72.5,65.4,7.2,35.7,35.6,0.1,27,58,46.6,9.73,14.82,65.6,8.33,21.58,38.6,23,57,40.3,26.64,8.97,33.7,4,16.76,10.45,1.6
Ole Miss (SEC),33,20,13,60.6,75.3,71.1,4.2,34.2,32.7,1.5,27,58,46.0,13.97,17.85,78.3,8.24,23.03,35.8,25,57,44.5,19.52,7.3,37.4,99,14.39,12.61,1.14
Louisiana Tech (C-USA),33,20,13,60.6,72.3,67.7,4.6,36.5,35.6,0.8,25,58,43.6,13.73,20.91,65.7,7.67,22.91,33.5,24,57,42.7,22.33,7.42,33.2,97,13.33,11.67,1.14
Campbell (Big South),33,20,13,60.6,75.6,70.5,5.1,31.8,34.8,-2.9,26,58,45.5,13.58,17.88,75.9,9.48,27.64,34.3,24,55,44.8,22.58,8.0,35.4,14,14.61,10.21,1.43
Lamar University (Southland),33,20,13,60.6,78.7,70.4,8.3,38.8,32.1,6.8,27,60,45.6,17.12,24.94,68.7,6.91,20.12,34.3,25,56,44.0,21.33,7.24,33.9,184,14.58,14.33,1.02
Wright St. (Horizon),35,21,14,60.0,73.2,67.6,5.6,35.1,32.1,3.0,25,58,43.6,14.57,19.77,73.7,8.03,23.37,34.4,25,54,45.4,20.74,7.51,36.2,78,13.83,11.49,1.2
Fairleigh Dickinson (NEC),35,21,14,60.0,74.9,71.9,3.0,33.0,33.9,-0.9,26,55,47.5,14.54,20.06,72.5,7.69,19.2,40.0,26,58,44.5,22.54,7.91,35.1,188,13.89,13.69,1.01
Winthrop (Big South),30,18,12,60.0,83.3,78.6,4.7,41.0,35.8,5.3,29,63,45.5,13.9,18.83,73.8,12.4,33.23,37.3,28,65,43.3,26.4,8.87,33.6,192,15.33,15.2,1.01
Wichita St. (AAC),37,22,15,59.5,70.5,68.7,1.8,38.3,35.1,3.2,25,62,40.8,12.84,17.7,72.5,7.46,24.05,31.0,23,56,41.5,20.97,6.92,33.0,115,13.49,12.14,1.11
N.C. A&T (MEAC),32,19,13,59.4,70.0,69.0,1.0,33.1,36.2,-3.1,26,56,45.9,11.38,17.13,66.4,7.09,20.28,35.0,25,58,42.6,21.47,6.88,32.0,136,14.13,13.06,1.08
BYU (WCC),32,19,13,59.4,79.0,76.1,2.8,34.9,36.4,-1.5,27,59,46.8,17.03,23.44,72.7,7.06,21.38,33.0,26,60,44.0,21.88,8.0,36.6,22,15.06,11.09,1.36
Duquesne (Atlantic 10),32,19,13,59.4,73.5,72.3,1.2,35.4,38.2,-2.8,25,59,42.8,14.38,20.72,69.4,8.47,26.28,32.2,26,60,44.1,20.59,6.97,33.8,216,13.81,14.09,0.98
Louisiana (Sun Belt),32,19,13,59.4,81.6,80.5,1.2,35.7,38.1,-2.4,28,63,44.5,16.47,22.19,74.2,8.84,25.66,34.5,28,61,46.3,21.75,8.0,36.8,92,15.22,13.19,1.15
Syracuse (ACC),34,20,14,58.8,69.7,66.1,3.6,34.6,36.9,-2.3,24,56,42.4,14.12,20.62,68.5,8.06,24.24,33.3,22,55,40.1,26.29,8.65,32.9,233,12.0,12.47,0.96
Seton Hall (Big East),34,20,14,58.8,73.8,71.8,2.0,35.7,35.8,0.0,26,59,43.9,14.47,20.5,70.6,7.06,21.79,32.4,25,58,42.8,23.32,7.94,34.0,129,13.5,12.44,1.09
Western Ky. (C-USA),34,20,14,58.8,71.4,69.3,2.2,36.9,34.6,2.3,25,56,44.7,15.41,21.29,72.4,5.85,17.88,32.7,25,60,41.9,24.47,8.44,34.5,279,12.26,13.71,0.89
Clemson (ACC),34,20,14,58.8,68.8,63.9,4.9,35.5,32.1,3.4,25,55,44.9,13.41,18.32,73.2,6.38,19.44,32.8,22,55,40.7,21.62,7.56,35.0,269,12.06,13.26,0.91
FIU (C-USA),34,20,14,58.8,82.3,80.4,1.9,35.8,43.2,-7.4,29,66,44.0,16.09,25.15,64.0,8.21,27.15,30.2,29,63,45.6,23.09,7.82,33.9,171,14.44,14.03,1.03
Oklahoma (Big 12),34,20,14,58.8,71.3,68.2,3.1,37.1,36.9,0.3,26,58,44.7,12.68,18.18,69.7,6.65,19.24,34.6,25,62,40.6,25.44,8.47,33.3,142,12.65,11.79,1.07
Loyola Chicago (MVC),34,20,14,58.8,65.6,60.8,4.9,29.8,29.2,0.6,24,50,49.3,10.68,16.03,66.6,6.06,16.56,36.6,22,51,43.7,20.09,7.29,36.3,96,13.76,12.0,1.15
Baylor (Big 12),34,20,14,58.8,71.8,67.7,4.1,37.5,31.8,5.7,26,58,44.2,12.65,18.68,67.7,8.06,23.62,34.1,23,55,42.5,21.0,7.24,34.5,152,13.91,13.15,1.06
Louisville (ACC),34,20,14,58.8,74.6,68.4,6.2,38.1,34.6,3.6,25,58,43.4,15.71,20.21,77.7,8.65,25.29,34.2,24,59,40.8,21.97,7.03,32.0,119,13.47,12.18,1.11
Grand Canyon (WAC),34,20,14,58.8,75.2,69.2,6.0,36.4,33.9,2.5,27,59,45.2,14.32,19.59,73.1,7.56,22.85,33.1,25,57,43.6,20.29,7.06,34.8,89,14.06,12.09,1.16
San Diego (WCC),36,21,15,58.3,72.0,68.2,3.8,34.4,31.9,2.5,25,56,45.7,13.31,17.81,74.7,7.89,22.44,35.1,24,55,43.9,17.67,5.83,33.0,116,14.33,12.92,1.11
Hawaii (Big West),31,18,13,58.1,72.3,68.7,3.5,34.0,32.5,1.5,25,56,45.1,12.87,18.58,69.3,8.58,24.23,35.4,25,56,44.8,19.26,6.55,34.0,43,15.42,11.87,1.3
Oregon St. (Pac-12),31,18,13,58.1,73.4,69.8,3.5,35.2,32.9,2.3,26,56,46.3,15.23,20.52,74.2,6.55,20.42,32.1,25,57,43.2,21.29,7.94,37.3,79,15.0,12.48,1.2
Georgetown (Big East),33,19,14,57.6,79.5,78.1,1.5,39.3,36.3,3.0,27,61,44.3,17.21,23.36,73.7,8.15,22.94,35.5,28,64,43.2,26.0,8.82,33.9,69,16.39,13.42,1.22
New Orleans (Southland),33,19,14,57.6,72.2,70.5,1.8,35.3,35.7,-0.4,26,59,44.4,14.27,20.64,69.2,5.73,17.15,33.4,25,56,43.8,19.12,6.12,32.0,235,15.06,15.67,0.96
UAB (C-USA),35,20,15,57.1,70.6,67.7,2.9,36.6,32.8,3.8,26,57,45.2,12.11,18.0,67.3,6.69,19.83,33.7,23,56,41.4,24.94,8.49,34.0,196,11.46,11.4,1.01
Ohio St. (Big Ten),35,20,15,57.1,69.1,66.2,2.9,34.7,33.5,1.3,24,55,43.4,13.63,18.57,73.4,7.54,22.11,34.1,23,55,42.2,20.63,6.74,32.7,107,14.11,12.54,1.13
Creighton (Big East),35,20,15,57.1,77.9,73.2,4.7,34.2,33.9,0.3,28,58,47.9,11.29,16.63,67.9,10.63,27.46,38.7,27,59,45.7,23.49,8.31,35.4,76,16.03,13.29,1.21
Bradley (MVC),35,20,15,57.1,66.5,65.3,1.3,34.1,33.2,0.9,23,54,43.3,13.29,19.2,69.2,6.86,18.66,36.8,22,54,41.2,21.51,7.03,32.7,240,12.09,12.6,0.96
Princeton (Ivy League),28,16,12,57.1,69.6,69.7,-0.1,36.3,35.8,0.5,24,60,41.1,13.25,17.93,73.9,7.39,24.25,30.5,25,59,43.2,21.18,6.86,32.4,310,10.54,12.64,0.83
Texas (Big 12),37,21,16,56.8,71.0,66.4,4.6,34.2,35.1,-0.9,25,58,43.3,12.03,17.22,69.9,8.78,25.24,34.8,24,56,42.3,20.16,7.14,35.4,72,13.14,10.84,1.21
Tulsa (AAC),32,18,14,56.3,71.8,71.0,0.8,34.9,37.0,-2.1,24,54,44.8,16.31,23.47,69.5,6.94,20.38,34.0,25,61,40.9,26.59,8.72,32.8,147,13.44,12.63,1.06
Presbyterian (Big South),36,20,16,55.6,78.3,72.5,5.8,34.7,35.5,-0.9,27,60,44.9,13.64,18.72,72.8,10.94,28.72,38.1,26,57,44.6,23.89,8.39,35.1,6,15.69,9.94,1.58
Florida (SEC),36,20,16,55.6,67.8,63.6,4.2,33.3,34.5,-1.2,24,56,42.5,12.08,16.75,72.1,8.08,24.22,33.4,22,53,42.1,20.28,6.42,31.6,166,12.14,11.67,1.04
Green Bay (Horizon),38,21,17,55.3,81.3,79.9,1.4,37.0,39.7,-2.7,29,64,45.8,15.13,21.53,70.3,7.97,23.11,34.5,28,64,44.5,25.55,8.55,33.5,90,15.18,13.08,1.16
UNLV (Mountain West),31,17,14,54.8,73.4,72.3,1.1,38.8,33.9,4.9,26,60,42.7,14.29,20.87,68.5,8.1,24.03,33.7,26,58,44.9,19.9,7.1,35.7,207,12.87,12.97,0.99
Utah (Pac-12),31,17,14,54.8,75.6,74.5,1.0,35.4,32.3,3.1,26,56,46.4,14.03,19.87,70.6,9.61,26.0,37.0,27,58,45.8,21.19,7.55,35.6,139,14.19,13.19,1.08
Weber St. (Big Sky),33,18,15,54.5,79.3,74.4,4.9,35.6,37.2,-1.6,28,59,47.6,16.0,21.45,74.6,7.55,20.73,36.4,27,63,42.8,20.73,6.52,31.4,208,11.61,11.7,0.99
Saint Francis (PA) (NEC),33,18,15,54.5,76.3,76.0,0.3,37.8,34.7,3.0,27,62,43.5,14.94,21.15,70.6,7.7,21.94,35.1,27,59,46.3,23.06,8.06,35.0,174,12.52,12.21,1.02
Seattle U (WAC),33,18,15,54.5,73.3,69.2,4.2,36.7,33.7,3.0,26,59,43.8,14.48,20.24,71.6,7.21,19.45,37.1,24,58,40.8,19.06,6.39,33.5,242,11.7,12.24,0.96
George Mason (Atlantic 10),33,18,15,54.5,70.1,69.4,0.8,35.3,33.5,1.8,25,56,44.5,13.76,19.21,71.6,6.36,19.3,33.0,25,57,43.9,22.42,7.18,32.0,254,12.09,12.97,0.93
Hartford (America East),33,18,15,54.5,75.1,72.9,2.1,31.8,35.2,-3.4,26,56,45.5,13.91,18.76,74.2,9.76,25.64,38.1,26,58,45.3,23.12,7.82,33.8,94,14.0,12.15,1.15
Purdue Fort Wayne (Summit League),33,18,15,54.5,82.7,77.5,5.2,34.5,36.1,-1.5,30,62,48.1,11.7,16.88,69.3,10.91,28.76,37.9,29,63,45.4,24.58,9.09,37.0,36,15.91,11.97,1.33
Rhode Island (Atlantic 10),33,18,15,54.5,69.5,67.8,1.6,36.2,34.5,1.6,25,58,42.9,14.52,21.33,68.0,5.21,18.64,28.0,23,55,42.6,20.76,6.7,32.3,209,12.15,12.27,0.99
Indiana (Big Ten),35,19,16,54.3,71.5,67.8,3.7,36.3,35.3,1.1,26,57,45.7,13.0,19.86,65.5,6.03,19.31,31.2,25,59,41.9,22.43,7.43,33.1,133,13.4,12.37,1.08
Xavier (Big East),35,19,16,54.3,72.2,70.6,1.5,36.7,32.1,4.6,26,56,46.6,12.49,18.4,67.9,7.0,21.14,33.1,26,59,43.2,25.11,8.94,35.6,111,14.83,13.26,1.12
North Dakota St. (Summit League),35,19,16,54.3,73.0,72.6,0.4,31.5,33.2,-1.7,25,55,45.4,13.6,17.51,77.7,9.49,26.0,36.5,27,58,46.1,20.6,7.46,36.2,128,11.49,10.54,1.09
ULM (Sun Belt),35,19,16,54.3,79.2,75.3,3.9,33.6,34.4,-0.8,26,58,45.4,16.46,21.06,78.2,10.09,25.46,39.6,27,60,45.5,23.63,8.34,35.3,60,14.23,11.37,1.25
UTRGV (WAC),37,20,17,54.1,71.2,70.9,0.3,32.8,38.8,-5.9,24,58,41.8,17.32,24.95,69.4,5.49,17.19,31.9,24,54,44.5,18.78,6.32,33.7,146,13.59,12.76,1.07
UTSA (C-USA),32,17,15,53.1,77.5,75.2,2.3,38.0,39.3,-1.3,28,65,43.3,12.34,16.75,73.7,9.19,26.72,34.4,26,62,42.8,24.56,7.97,32.4,162,13.13,12.56,1.04
Arizona (Pac-12),32,17,15,53.1,70.9,68.9,2.0,34.8,34.2,0.6,25,58,42.7,13.94,19.38,71.9,7.34,21.84,33.6,25,55,44.8,20.25,6.66,32.9,141,12.44,11.59,1.07
Southern Ill. (MVC),32,17,15,53.1,68.6,67.0,1.6,33.8,32.7,1.0,25,54,46.6,11.78,17.19,68.5,6.66,17.81,37.4,24,57,42.7,22.63,7.94,35.1,219,13.69,14.0,0.98
Arkansas (SEC),34,18,16,52.9,75.3,72.3,3.0,33.6,38.2,-4.6,26,59,44.6,15.12,22.62,66.8,7.62,22.09,34.5,24,57,42.4,23.85,7.94,33.3,75,15.97,13.24,1.21
Providence (Big East),34,18,16,52.9,71.4,69.8,1.6,36.3,34.9,1.4,25,58,42.3,15.68,22.68,69.1,6.62,20.29,32.6,25,57,43.3,21.21,7.24,34.1,123,14.44,13.09,1.1
N.C. Central (MEAC),34,18,16,52.9,71.4,66.6,4.8,37.4,30.8,6.6,26,57,45.5,13.53,18.85,71.8,6.5,20.38,31.9,24,56,43.5,19.76,6.26,31.7,182,15.47,15.18,1.02
St. Bonaventure (Atlantic 10),34,18,16,52.9,66.2,63.1,3.1,34.8,34.0,0.8,24,56,42.9,11.76,15.85,74.2,6.12,18.68,32.8,22,55,40.2,23.59,7.62,32.3,206,12.26,12.35,0.99
Alabama (SEC),34,18,16,52.9,72.0,71.6,0.4,37.8,34.9,2.9,25,57,44.0,14.47,21.74,66.6,7.18,21.12,34.0,26,60,43.5,19.71,6.56,33.3,275,12.29,13.68,0.9
Charleston So. (Big South),34,18,16,52.9,75.7,69.7,6.0,37.6,36.1,1.5,27,63,42.9,11.71,17.29,67.7,9.53,27.79,34.3,24,57,42.9,23.97,8.5,35.5,122,14.32,12.97,1.1
CSU Bakersfield (WAC),34,18,16,52.9,70.9,70.9,0.0,37.4,32.5,4.9,26,62,42.4,12.26,18.24,67.3,6.5,20.09,32.4,22,51,43.6,21.0,7.68,36.6,299,11.15,12.91,0.86
Nebraska (Big Ten),36,19,17,52.8,71.8,67.3,4.6,35.5,37.7,-2.3,25,59,42.9,13.44,19.28,69.7,7.5,22.22,33.8,24,58,42.1,19.83,6.58,33.2,26,12.94,9.58,1.35
DePaul (Big East),36,19,17,52.8,78.4,76.4,1.9,37.4,32.2,5.2,28,60,47.1,15.61,21.47,72.7,6.69,19.53,34.3,27,59,45.2,25.61,9.56,37.3,161,14.25,13.58,1.05
High Point (Big South),31,16,15,51.6,68.2,67.9,0.3,38.2,31.3,6.9,25,55,44.4,13.19,19.48,67.7,5.81,18.81,30.9,24,57,42.2,26.58,8.74,32.9,203,13.03,13.1,1.0
Santa Clara (WCC),31,16,15,51.6,68.2,70.1,-1.8,33.1,34.2,-1.0,24,53,44.5,13.1,18.29,71.6,7.71,21.39,36.0,25,57,43.2,19.71,6.23,31.6,237,13.42,13.97,0.96
Quinnipiac (MAAC),31,16,15,51.6,74.0,72.7,1.3,35.8,34.7,1.1,24,56,42.7,15.1,20.84,72.4,11.23,29.77,37.7,27,61,44.4,22.52,7.77,34.5,251,12.68,13.48,0.94
Rider (MAAC),31,16,15,51.6,76.8,75.3,1.5,36.9,36.3,0.6,27,61,44.7,15.0,24.35,61.6,7.16,21.0,34.1,26,57,45.9,24.84,8.9,35.8,135,14.52,13.42,1.08
St. Francis Brooklyn (NEC),33,17,16,51.5,71.1,70.3,0.8,36.1,37.5,-1.4,25,60,42.3,11.91,17.58,67.8,8.18,24.42,33.5,24,57,43.0,17.79,5.76,32.4,252,11.73,12.52,0.94
Delaware (CAA),33,17,16,51.5,71.3,72.1,-0.8,32.8,34.4,-1.6,25,55,45.9,12.42,17.09,72.7,8.55,22.61,37.8,26,59,44.3,22.27,8.21,36.9,108,12.88,11.45,1.12
Iona (MAAC),33,17,16,51.5,76.7,76.0,0.7,34.2,36.9,-2.8,26,57,45.2,15.79,21.18,74.5,9.0,25.61,35.1,27,61,44.5,25.97,9.52,36.6,154,13.09,12.39,1.06
Illinois St. (MVC),33,17,16,51.5,68.4,70.1,-1.7,34.5,35.0,-0.5,25,57,43.1,11.73,16.36,71.7,7.39,22.24,33.2,25,56,44.1,22.82,7.73,33.9,190,12.76,12.64,1.01
Samford (SoCon),33,17,16,51.5,78.3,75.4,2.9,37.1,36.7,0.4,28,59,47.2,14.76,20.18,73.1,7.7,20.82,37.0,26,63,41.8,27.97,9.88,35.3,202,13.97,14.03,1.0
Siena (MAAC),33,17,16,51.5,64.6,66.0,-1.4,29.5,33.5,-4.1,23,54,43.4,9.06,13.33,68.0,8.73,25.73,33.9,25,53,46.2,19.09,6.85,35.9,50,12.58,9.79,1.28
Southeastern La. (Southland),33,17,16,51.5,67.4,67.5,-0.1,33.8,31.0,2.9,23,53,44.1,13.91,19.39,71.7,7.12,21.09,33.8,23,53,44.2,18.48,6.09,33.0,305,13.7,16.24,0.84
UT Arlington (Sun Belt),33,17,16,51.5,69.2,69.8,-0.6,37.5,35.1,2.4,24,58,40.9,14.79,19.97,74.1,7.09,23.42,30.3,24,57,42.3,21.97,6.55,29.8,271,12.76,14.15,0.9
Akron (MAC),33,17,16,51.5,68.8,63.8,5.0,36.5,39.1,-2.6,24,59,40.9,11.52,16.33,70.5,9.0,28.15,32.0,23,58,39.6,22.24,6.52,29.3,172,12.09,11.76,1.03
UCLA (Pac-12),33,17,16,51.5,78.2,77.8,0.4,41.1,36.9,4.2,28,61,45.7,14.73,23.27,63.3,7.76,21.85,35.5,28,66,42.4,27.18,9.42,34.7,193,14.3,14.18,1.01
Fla. Atlantic (C-USA),33,17,16,51.5,70.4,68.0,2.4,39.2,35.7,3.6,25,60,41.0,12.55,16.7,75.1,8.79,27.12,32.4,24,59,41.1,24.06,7.58,31.5,296,12.7,14.67,0.87
Hampton (Big South),35,18,17,51.4,81.3,76.3,5.0,39.1,38.1,1.1,28,64,43.2,17.77,22.57,78.7,8.31,24.11,34.5,26,62,42.5,24.71,8.17,33.1,48,13.91,10.83,1.28
Robert Morris (NEC),35,18,17,51.4,69.9,68.7,1.3,33.7,33.0,0.7,25,57,43.2,12.74,18.23,69.9,8.0,22.54,35.5,23,52,44.8,19.89,6.77,34.1,238,13.91,14.49,0.96
Northern Ill. (MAC),34,17,17,50.0,73.7,71.0,2.7,34.7,33.5,1.2,28,59,47.1,11.68,15.97,73.1,6.74,18.88,35.7,24,55,43.3,24.76,8.85,35.7,257,11.0,11.91,0.92
Coastal Carolina (Sun Belt),34,17,17,50.0,77.7,74.1,3.6,36.9,33.1,3.9,26,58,45.3,16.44,22.88,71.9,8.35,22.53,37.1,25,57,43.4,25.65,8.26,32.2,245,13.26,13.91,0.95
Grambling (SWAC),34,17,17,50.0,71.4,68.7,2.6,37.9,36.6,1.2,25,54,45.2,15.74,22.97,68.5,6.56,16.26,40.3,23,59,39.0,21.26,6.35,29.9,326,12.35,15.74,0.79
Howard (MEAC),34,17,17,50.0,78.9,78.3,0.7,36.9,39.7,-2.9,28,64,43.3,16.65,22.94,72.6,7.18,19.68,36.5,27,62,43.5,23.65,8.18,34.6,131,13.62,12.56,1.08
South Alabama (Sun Belt),34,17,17,50.0,72.9,72.5,0.4,32.1,35.4,-3.2,26,55,46.0,13.5,19.68,68.6,8.38,22.38,37.5,25,57,44.9,20.56,7.26,35.3,170,13.85,13.41,1.03
Southern Utah (Big Sky),34,17,17,50.0,75.7,75.5,0.2,36.8,36.5,0.2,26,59,44.1,15.85,22.26,71.2,8.0,23.5,34.0,26,60,43.0,22.82,8.09,35.4,262,12.53,13.71,0.91
Portland St. (Big Sky),32,16,16,50.0,77.3,75.1,2.2,40.0,33.1,7.0,27,63,42.4,16.41,23.38,70.2,7.44,24.03,30.9,26,55,46.3,19.91,6.91,34.7,228,13.56,14.03,0.97
South Carolina (SEC),32,16,16,50.0,72.7,72.4,0.3,36.3,36.4,-0.1,25,60,42.3,14.78,21.69,68.2,7.56,20.69,36.6,24,57,42.3,22.5,7.66,34.0,244,12.91,13.53,0.95
UIC (Horizon),32,16,16,50.0,74.7,74.5,0.2,34.6,36.9,-2.3,27,59,45.9,11.19,16.41,68.2,9.47,26.75,35.4,25,59,41.9,22.28,7.59,34.1,168,14.94,14.38,1.04
LIU (NEC),32,16,16,50.0,74.2,73.0,1.1,37.4,37.2,0.2,26,59,43.7,14.13,20.09,70.3,8.66,25.41,34.1,26,61,42.3,19.81,6.53,33.0,266,13.44,14.75,0.91
Missouri St. (MVC),32,16,16,50.0,68.9,67.4,1.5,31.3,31.7,-0.4,24,54,45.2,13.56,19.59,69.2,7.0,20.28,34.5,23,52,45.2,19.06,7.5,39.3,260,11.06,12.03,0.92
American (Patriot),30,15,15,50.0,72.0,69.0,3.0,33.8,33.3,0.5,26,55,47.4,13.7,19.63,69.8,6.33,19.43,32.6,25,57,43.7,17.33,5.07,29.2,165,13.4,12.87,1.04
Butler (Big East),33,16,17,48.5,71.9,70.8,1.1,32.0,34.3,-2.3,26,59,44.5,10.91,14.79,73.8,8.85,25.06,35.3,25,54,45.7,21.3,7.61,35.7,74,13.15,10.88,1.21
Holy Cross (Patriot),33,16,17,48.5,67.2,69.6,-2.4,27.8,36.1,-8.3,26,56,46.2,8.58,12.85,66.7,7.18,20.3,35.4,25,55,45.7,23.73,8.85,37.3,10,15.55,10.61,1.47
IUPUI (Horizon),33,16,17,48.5,76.0,73.5,2.4,37.4,32.8,4.6,27,60,45.2,14.88,21.18,70.2,7.09,21.06,33.7,26,58,44.8,23.0,8.36,36.4,181,14.27,14.0,1.02
Oakland (Horizon),33,16,17,48.5,76.7,76.2,0.5,32.2,35.8,-3.6,26,56,46.4,14.91,20.09,74.2,9.52,24.73,38.5,28,61,46.1,22.39,7.82,34.9,21,17.58,12.94,1.36
North Florida (ASUN),33,16,17,48.5,75.3,76.7,-1.4,37.9,38.2,-0.3,27,61,44.8,11.3,16.33,69.2,9.33,27.18,34.3,28,66,43.4,19.12,6.48,33.9,223,15.76,16.24,0.97
Ball St. (MAC),33,16,17,48.5,75.1,71.6,3.5,37.7,35.5,2.2,27,57,47.0,15.09,21.48,70.2,6.12,18.82,32.5,26,62,41.4,21.73,6.91,31.8,283,12.91,14.55,0.89
UConn (AAC),33,16,17,48.5,73.8,71.3,2.5,35.5,34.6,0.9,26,59,44.6,13.21,19.42,68.0,7.64,22.18,34.4,25,56,43.9,18.79,6.3,33.5,212,12.79,12.94,0.99
Southern California (Pac-12),33,16,17,48.5,76.3,73.0,3.3,35.9,37.8,-1.8,28,62,46.0,11.0,17.06,64.5,8.52,22.27,38.2,26,62,42.6,23.85,7.97,33.4,20,16.24,11.88,1.37
Indiana St. (MVC),31,15,16,48.4,69.2,71.5,-2.3,32.5,34.6,-2.1,24,55,44.0,14.65,20.03,73.1,5.74,15.84,36.3,25,55,45.1,20.65,7.03,34.1,301,11.03,12.97,0.85
Sacramento St. (Big Sky),31,15,16,48.4,70.9,69.5,1.4,33.9,34.0,-0.1,26,58,44.8,13.23,19.1,69.3,5.65,17.0,33.2,24,54,44.3,20.48,7.35,35.9,144,13.9,13.03,1.07
Stanford (Pac-12),31,15,16,48.4,72.7,71.8,0.9,37.0,34.9,2.2,26,58,45.3,13.94,20.74,67.2,6.68,21.06,31.7,26,61,43.2,16.61,5.74,34.6,309,12.65,15.13,0.84
Cornell (Ivy League),31,15,16,48.4,69.3,71.3,-2.0,32.7,37.4,-4.7,24,55,44.2,12.84,17.77,72.2,7.84,23.58,33.2,27,61,43.9,20.61,6.74,32.7,126,14.61,13.32,1.1
Pepperdine (WCC),34,16,18,47.1,75.6,74.4,1.3,31.9,35.4,-3.5,25,57,44.4,15.56,20.47,76.0,9.21,24.09,38.2,26,56,46.5,22.41,7.71,34.4,120,14.09,12.74,1.11
UNI (MVC),34,16,18,47.1,65.1,65.6,-0.4,32.7,32.8,-0.1,23,54,41.6,11.79,15.79,74.7,8.12,23.29,34.8,23,53,44.0,20.32,6.85,33.7,249,10.91,11.56,0.94
Cal St. Fullerton (Big West),34,16,18,47.1,71.7,71.0,0.7,36.0,35.6,0.4,26,56,45.4,15.12,21.35,70.8,5.5,17.32,31.7,25,60,42.6,19.88,6.26,31.5,270,11.97,13.26,0.9
Longwood (Big South),34,16,18,47.1,70.8,70.8,0.0,35.1,34.1,1.0,24,55,42.8,13.76,18.79,73.2,9.79,27.62,35.5,24,57,41.7,27.94,9.41,33.7,306,11.79,14.03,0.84
Eastern Wash. (Big Sky),34,16,18,47.1,72.4,74.3,-2.0,35.1,35.3,-0.2,26,60,42.9,11.71,16.06,72.9,9.12,26.06,35.0,26,57,45.2,22.53,8.56,38.0,88,13.74,11.79,1.16
Missouri (SEC),32,15,17,46.9,67.2,67.8,-0.6,35.3,31.5,3.8,24,55,43.0,11.56,16.44,70.3,8.25,22.72,36.3,23,54,42.9,21.88,6.97,31.9,323,11.06,14.0,0.79
SMU (AAC),32,15,17,46.9,72.0,70.3,1.7,35.7,34.4,1.3,26,59,44.2,11.69,16.34,71.5,8.22,24.13,34.1,25,58,42.8,23.78,8.34,35.1,58,13.78,10.97,1.26
Sacred Heart (NEC),32,15,17,46.9,79.9,78.4,1.5,38.5,34.1,4.4,28,60,46.0,17.03,22.56,75.5,7.59,21.28,35.7,28,63,44.3,23.91,8.88,37.1,189,14.72,14.53,1.01
Montana St. (Big Sky),32,15,17,46.9,78.2,79.8,-1.6,33.8,34.3,-0.5,27,59,45.6,15.0,20.34,73.7,9.56,25.56,37.4,29,60,48.4,26.53,9.94,37.5,62,15.34,12.31,1.25
Canisius (MAAC),32,15,17,46.9,70.3,74.3,-3.9,31.7,35.9,-4.2,25,57,43.5,12.44,17.97,69.2,8.0,24.72,32.4,26,56,46.9,20.75,7.47,36.0,104,14.56,12.88,1.13
Miami (OH) (MAC),32,15,17,46.9,70.8,69.8,1.1,37.2,34.4,2.8,24,58,42.1,13.88,19.56,70.9,8.41,26.03,32.3,25,57,43.2,23.28,7.75,33.3,303,10.91,12.91,0.85
UMass Lowell (America East),32,15,17,46.9,76.8,75.6,1.1,34.8,35.2,-0.3,27,58,47.2,14.38,19.97,72.0,7.69,22.53,34.1,27,61,45.2,21.63,6.72,31.1,110,15.63,13.97,1.12
Eastern Mich. (MAC),32,15,17,46.9,68.8,69.2,-0.3,36.1,34.6,1.6,26,57,44.9,11.88,18.88,62.9,5.84,19.81,29.5,25,57,43.0,24.28,8.28,34.1,311,11.53,13.84,0.83
SFA (Southland),30,14,16,46.7,70.2,72.0,-1.9,33.6,35.0,-1.4,25,57,43.9,13.8,20.23,68.2,6.7,19.6,34.2,25,56,43.5,24.7,9.03,36.6,325,11.6,14.73,0.79
Boston U. (Patriot),33,15,18,45.5,72.3,72.3,-0.1,33.1,31.2,1.9,28,58,47.9,9.7,14.18,68.4,6.7,19.36,34.6,26,55,47.1,21.91,7.52,34.3,156,13.55,12.85,1.05
Valparaiso (MVC),33,15,18,45.5,66.8,66.3,0.5,33.7,32.8,0.9,24,54,45.0,12.61,18.03,69.9,5.61,17.73,31.6,24,55,43.2,19.55,6.48,33.2,211,13.06,13.21,0.99
Nicholls (Southland),31,14,17,45.2,72.9,74.3,-1.4,33.6,40.0,-6.4,26,62,42.1,10.39,13.48,77.0,10.45,28.52,36.7,27,60,44.3,20.52,6.39,31.1,117,13.81,12.45,1.11
Boston College (ACC),31,14,17,45.2,70.8,72.8,-1.9,36.7,38.6,-1.9,25,58,42.5,14.26,20.42,69.8,7.03,22.16,31.7,26,61,41.9,24.84,7.94,31.9,194,12.32,12.23,1.01
Bethune-Cookman (MEAC),31,14,17,45.2,73.9,72.4,1.5,41.1,37.7,3.4,27,61,43.8,13.55,22.23,61.0,6.58,20.48,32.1,25,61,41.3,21.9,6.61,30.2,284,14.32,16.16,0.89
Ohio (MAC),31,14,17,45.2,70.1,73.8,-3.7,37.3,36.1,1.1,26,59,43.7,12.29,19.42,63.3,6.03,20.42,29.5,26,60,43.6,23.45,8.39,35.8,197,14.55,14.48,1.0
Rutgers (Big Ten),31,14,17,45.2,67.9,68.8,-0.9,39.0,34.9,4.2,25,59,41.9,12.0,18.84,63.7,6.16,19.74,31.2,24,57,42.5,21.84,7.71,35.3,241,12.58,13.16,0.96
William & Mary (CAA),31,14,17,45.2,74.9,76.9,-2.1,34.2,34.2,0.0,27,57,47.4,12.42,18.58,66.8,8.19,23.71,34.6,27,60,45.8,22.0,8.23,37.4,27,17.06,12.65,1.35
Long Beach St. (Big West),34,15,19,44.1,74.9,76.0,-1.1,37.1,39.1,-2.0,26,60,43.2,16.88,24.44,69.1,6.38,18.53,34.4,28,63,44.4,22.26,7.29,32.8,312,11.74,14.12,0.83
A&M-Corpus Christi (Southland),32,14,18,43.8,66.4,66.4,0.1,36.2,32.7,3.6,24,56,42.9,11.75,16.91,69.5,6.31,19.41,32.5,22,53,41.0,21.59,7.47,34.6,256,13.22,14.25,0.93
FGCU (ASUN),32,14,18,43.8,71.3,73.8,-2.5,33.2,35.5,-2.3,25,56,45.3,12.28,18.38,66.8,8.41,22.63,37.2,27,60,44.2,24.53,9.0,36.7,253,14.03,15.03,0.93
Texas A&M (SEC),32,14,18,43.8,70.4,71.8,-1.4,37.3,36.3,1.0,25,58,43.7,13.66,19.72,69.3,6.38,20.72,30.8,26,61,42.2,26.22,8.69,33.1,304,11.75,13.91,0.84
Pacific (WCC),32,14,18,43.8,66.8,70.0,-3.2,32.5,31.0,1.5,22,53,42.2,16.25,21.81,74.5,6.19,17.69,35.0,24,51,46.4,22.13,7.94,35.9,332,10.16,13.31,0.76
Georgia Tech (ACC),32,14,18,43.8,65.3,66.6,-1.2,33.5,36.0,-2.6,24,54,44.0,12.66,18.38,68.9,5.5,17.91,30.7,23,58,40.0,21.78,6.47,29.7,250,13.53,14.34,0.94
Penn St. (Big Ten),32,14,18,43.8,69.7,68.6,1.0,36.6,34.4,2.3,25,59,41.7,13.28,19.16,69.3,6.94,21.66,32.0,24,55,44.1,18.38,6.5,35.4,220,12.16,12.47,0.97
Air Force (Mountain West),32,14,18,43.8,68.1,71.7,-3.6,33.7,33.5,0.2,25,56,45.2,10.66,15.72,67.8,7.31,22.22,32.9,26,57,45.1,26.28,9.34,35.6,173,13.56,13.22,1.03
New Mexico (Mountain West),32,14,18,43.8,76.3,76.7,-0.3,37.6,37.3,0.3,25,60,42.2,16.34,23.28,70.2,9.13,26.41,34.6,27,60,45.1,20.25,7.19,35.5,218,13.94,14.25,0.98
Miami (FL) (ACC),32,14,18,43.8,71.8,71.1,0.7,33.2,36.2,-3.0,25,58,43.5,13.09,17.81,73.5,8.38,25.16,33.3,27,59,45.1,23.25,8.13,34.9,118,12.91,11.66,1.11
Eastern Ill. (OVC),32,14,18,43.8,71.8,76.8,-4.9,35.8,37.1,-1.2,26,60,43.2,11.72,17.03,68.8,8.5,22.97,37.0,27,59,45.3,24.06,9.25,38.4,185,13.56,13.34,1.02
Wagner (NEC),30,13,17,43.3,65.8,68.1,-2.3,36.5,33.6,2.9,22,57,38.6,14.27,19.17,74.4,7.87,25.77,30.5,22,51,43.0,21.17,7.37,34.8,302,11.7,13.8,0.85
South Dakota (Summit League),30,13,17,43.3,70.6,71.2,-0.6,31.4,34.1,-2.6,24,55,43.8,14.43,19.5,74.0,7.57,22.2,34.1,25,56,45.0,20.37,7.27,35.7,84,12.73,10.8,1.18
Saint Joseph's (Atlantic 10),33,14,19,42.4,70.5,72.6,-2.1,34.5,37.1,-2.6,24,59,40.8,14.0,18.64,75.1,8.48,26.33,32.2,26,59,43.7,26.03,9.36,36.0,44,12.03,9.27,1.3
Pittsburgh (ACC),33,14,19,42.4,69.9,68.7,1.2,36.7,36.8,-0.1,23,56,41.8,16.45,23.61,69.7,6.82,20.61,33.1,24,58,40.9,23.42,7.88,33.6,297,11.73,13.58,0.86
Central Ark. (Southland),33,14,19,42.4,72.2,75.7,-3.5,35.2,37.9,-2.7,25,58,42.6,14.76,20.21,73.0,8.36,23.76,35.2,26,60,43.8,24.33,8.45,34.7,225,14.03,14.48,0.97
James Madison (CAA),33,14,19,42.4,70.4,73.0,-2.6,34.0,33.2,0.8,25,56,44.2,13.24,18.39,72.0,7.36,20.3,36.3,26,57,46.0,19.94,6.97,35.0,239,12.21,12.73,0.96
Notre Dame (ACC),33,14,19,42.4,68.7,69.0,-0.3,36.6,39.0,-2.4,24,60,39.3,13.39,18.0,74.4,8.24,26.15,31.5,26,61,42.9,22.33,7.39,33.1,18,12.82,9.27,1.38
Eastern Ky. (OVC),31,13,18,41.9,82.6,83.1,-0.5,37.6,41.5,-3.9,29,69,42.4,15.68,22.03,71.2,8.77,26.84,32.7,29,62,46.5,21.58,7.42,34.4,175,14.77,14.42,1.02
West Virginia (Big 12),36,15,21,41.7,73.8,77.4,-3.6,39.6,35.0,4.6,25,61,41.3,16.22,23.58,68.8,7.47,23.67,31.6,27,59,45.8,21.22,7.67,36.1,288,13.56,15.47,0.88
Ark.-Pine Bluff (SWAC),32,13,19,40.6,65.9,70.9,-5.0,33.2,34.1,-0.8,22,53,42.7,14.88,21.94,67.8,6.06,17.94,33.8,24,54,45.5,17.69,6.28,35.5,330,11.41,14.94,0.76
Arkansas St. (Sun Belt),32,13,19,40.6,73.7,77.3,-3.6,37.8,35.7,2.2,25,60,41.8,16.56,22.53,73.5,7.41,22.16,33.4,26,58,44.2,21.41,7.5,35.0,319,11.34,14.06,0.81
Jackson St. (SWAC),32,13,19,40.6,61.7,65.8,-4.2,35.2,34.4,0.8,22,55,40.4,12.03,18.97,63.4,4.84,17.31,28.0,22,52,42.1,18.97,6.66,35.1,316,11.22,13.66,0.82
Drexel (CAA),32,13,19,40.6,75.8,77.3,-1.6,35.2,32.6,2.6,27,59,46.0,13.75,18.25,75.3,7.41,20.91,35.4,29,60,48.2,20.38,7.63,37.4,65,14.5,11.75,1.23
Army West Point (Patriot),32,13,19,40.6,70.9,72.0,-1.2,35.2,36.7,-1.5,26,61,42.8,10.06,14.72,68.4,8.5,26.97,31.5,26,58,45.5,23.63,8.31,35.2,37,15.59,11.75,1.33
Rice (C-USA),32,13,19,40.6,74.0,77.5,-3.6,38.3,36.3,1.9,25,58,42.6,15.63,22.78,68.6,8.66,24.91,34.8,28,62,44.8,24.44,8.44,34.5,227,13.28,13.72,0.97
Northwestern (Big Ten),32,13,19,40.6,65.9,65.1,0.8,34.1,36.3,-2.3,23,57,40.2,12.66,17.22,73.5,7.28,23.28,31.3,23,55,42.0,17.72,5.19,29.3,49,14.09,10.97,1.28
Niagara (MAAC),32,13,19,40.6,72.4,76.0,-3.6,35.7,36.1,-0.3,25,59,42.1,14.47,19.66,73.6,8.28,23.06,35.9,28,61,46.4,22.69,8.63,38.0,286,10.72,12.19,0.88
Monmouth (MAAC),35,14,21,40.0,65.3,71.1,-5.8,35.0,34.9,0.1,23,55,41.4,15.14,22.09,68.6,4.8,16.17,29.7,23,54,41.9,27.6,9.89,35.8,333,10.83,14.34,0.75
North Dakota (Summit League),30,12,18,40.0,74.0,73.2,0.8,33.6,35.1,-1.5,27,59,46.4,11.17,16.07,69.5,8.03,21.57,37.2,27,59,45.2,19.97,6.8,34.1,163,13.27,12.7,1.04
The Citadel (SoCon),30,12,18,40.0,85.1,86.1,-1.0,36.8,40.5,-3.7,30,67,44.7,12.83,17.43,73.6,12.33,35.87,34.4,30,66,46.2,31.1,11.53,37.1,81,15.43,12.87,1.2
Troy (Sun Belt),30,12,18,40.0,72.6,74.7,-2.1,34.1,35.6,-1.6,26,57,45.0,13.23,18.33,72.2,7.87,23.37,33.7,27,59,44.8,22.47,8.43,37.5,232,13.07,13.57,0.96
Houston Baptist (Southland),30,12,18,40.0,82.2,82.8,-0.6,38.1,34.9,3.2,29,63,45.6,17.83,26.43,67.5,6.67,19.6,34.0,30,60,49.1,20.6,8.27,40.1,187,14.97,14.73,1.02
Richmond (Atlantic 10),33,13,20,39.4,70.1,70.7,-0.6,29.0,35.6,-6.6,26,55,47.2,11.06,16.73,66.1,7.61,21.91,34.7,26,56,46.5,21.39,7.36,34.4,7,15.73,10.18,1.54
Boise St. (Mountain West),33,13,20,39.4,71.6,68.6,3.1,30.9,31.1,-0.2,26,55,46.9,12.79,17.7,72.3,7.64,21.67,35.2,24,54,45.0,21.61,7.36,34.1,160,12.06,11.48,1.05
Morehead St. (OVC),33,13,20,39.4,73.7,77.1,-3.4,35.6,37.5,-1.8,26,60,42.9,13.97,19.82,70.5,7.88,23.09,34.1,28,61,45.5,23.0,8.27,36.0,125,13.36,12.18,1.1
UT Martin (OVC),31,12,19,38.7,76.0,80.2,-4.2,34.3,36.3,-2.0,28,62,44.6,12.84,17.03,75.4,8.06,23.42,34.4,30,61,48.3,25.35,9.68,38.2,155,14.23,13.48,1.06
Navy (Patriot),31,12,19,38.7,66.5,72.6,-6.1,37.4,34.0,3.5,24,58,41.0,12.55,17.55,71.5,6.71,21.16,31.7,26,57,44.9,24.65,8.32,33.8,263,12.87,14.1,0.91
Alabama St. (SWAC),31,12,19,38.7,67.3,72.1,-4.8,35.3,36.8,-1.5,23,57,40.4,14.39,22.06,65.2,6.97,21.71,32.1,25,56,45.5,20.58,7.0,34.0,343,10.1,14.55,0.69
Marist (MAAC),31,12,19,38.7,67.3,69.3,-2.0,31.2,32.7,-1.5,24,53,44.9,11.71,17.1,68.5,7.9,21.77,36.3,23,53,44.5,25.23,8.97,35.5,222,12.16,12.52,0.97
Florida A&M (MEAC),31,12,19,38.7,62.2,66.4,-4.2,32.1,35.0,-2.9,23,53,43.8,9.97,16.23,61.4,5.81,15.77,36.8,23,53,42.8,19.74,5.97,30.2,341,11.45,16.06,0.71
CSUN (Big West),34,13,21,38.2,76.5,79.4,-2.9,35.7,38.9,-3.2,28,62,46.0,12.68,19.88,63.8,6.88,19.06,36.1,28,63,44.7,22.44,8.59,38.3,63,15.06,12.12,1.24
Chattanooga (SoCon),32,12,20,37.5,70.9,74.3,-3.4,34.3,36.3,-2.0,26,59,44.3,9.75,14.28,68.3,9.06,24.84,36.5,27,59,45.5,21.0,7.5,35.7,180,13.06,12.81,1.02
Oklahoma St. (Big 12),32,12,20,37.5,68.1,71.5,-3.4,34.2,36.1,-1.9,24,56,42.3,11.81,17.16,68.9,8.75,23.53,37.2,25,58,42.8,24.38,8.63,35.4,130,13.19,12.16,1.08
Youngstown St. (Horizon),32,12,20,37.5,75.5,78.9,-3.5,37.7,35.6,2.2,27,64,42.7,11.06,15.78,70.1,9.47,27.84,34.0,28,59,46.4,22.88,7.81,34.2,149,14.03,13.22,1.06
Jacksonville (ASUN),32,12,20,37.5,74.5,75.1,-0.5,36.4,35.7,0.8,28,61,45.5,12.31,18.19,67.7,6.66,20.16,33.0,28,61,45.1,21.28,7.66,36.0,213,14.28,14.47,0.99
Fordham (Atlantic 10),32,12,20,37.5,65.9,66.9,-1.0,33.9,37.3,-3.4,24,59,40.2,9.81,14.44,68.0,8.63,25.97,33.2,23,54,43.2,19.78,6.47,32.7,167,11.25,10.81,1.04
Colorado St. (Mountain West),32,12,20,37.5,74.8,75.2,-0.4,33.8,34.0,-0.2,27,57,47.6,12.56,18.09,69.4,8.09,22.56,35.9,27,59,45.5,24.47,8.69,35.5,55,14.75,11.63,1.27
Albany (NY) (America East),32,12,20,37.5,67.2,69.3,-2.1,33.8,34.1,-0.3,23,55,41.6,13.13,17.63,74.5,8.56,24.69,34.7,25,56,44.9,21.97,7.91,36.0,285,12.56,14.19,0.89
Dartmouth (Ivy League),30,11,19,36.7,72.0,70.5,1.5,34.0,33.4,0.6,26,58,45.2,10.47,14.53,72.0,8.8,24.0,36.7,27,58,46.0,19.67,6.47,32.9,86,14.2,12.1,1.17
Idaho St. (Big Sky),30,11,19,36.7,73.3,79.0,-5.7,32.5,34.4,-1.9,26,58,44.7,12.2,16.6,73.5,9.13,25.07,36.4,28,60,47.8,22.43,8.8,39.2,148,12.77,12.0,1.06
Illinois (Big Ten),33,12,21,36.4,72.7,75.2,-2.6,33.0,36.5,-3.5,26,61,43.1,12.58,17.91,70.2,7.85,22.76,34.5,26,56,46.3,19.7,6.48,32.9,179,13.52,13.21,1.02
Columbia (Ivy League),28,10,18,35.7,73.5,73.3,0.3,35.2,35.6,-0.4,28,61,45.2,9.5,13.46,70.6,8.46,23.39,36.2,25,57,43.9,23.18,8.25,35.6,73,15.82,13.07,1.21
Northwestern St. (Southland),31,11,20,35.5,66.2,73.5,-7.4,35.7,39.0,-3.3,23,58,40.5,13.26,19.48,68.0,6.13,20.84,29.4,26,59,43.3,22.06,8.0,36.3,346,10.97,16.03,0.68
Mercer (SoCon),31,11,20,35.5,72.5,72.5,0.1,34.2,35.3,-1.1,25,56,45.1,14.39,20.9,68.8,7.35,21.39,34.4,25,57,44.0,26.84,9.32,34.7,231,12.68,13.16,0.96
UC Davis (Big West),31,11,20,35.5,65.7,68.6,-2.9,29.9,34.5,-4.5,24,54,43.9,11.77,16.61,70.9,6.55,19.97,32.8,24,53,45.6,19.87,6.77,34.1,267,12.1,13.29,0.91
Detroit Mercy (Horizon),31,11,20,35.5,73.5,79.5,-6.0,32.9,39.1,-6.2,25,60,41.8,13.45,18.74,71.8,9.48,26.61,35.6,28,60,47.3,24.58,8.48,34.5,278,10.29,11.48,0.9
Central Conn. St. (NEC),31,11,20,35.5,71.1,76.4,-5.2,35.7,35.6,0.2,24,59,41.4,16.0,20.45,78.2,6.48,19.74,32.8,26,59,44.0,26.1,9.52,36.5,315,11.39,13.77,0.83
Savannah St. (MEAC),31,11,20,35.5,76.1,86.9,-10.8,38.3,44.7,-6.4,27,67,39.7,11.58,17.13,67.6,11.32,38.68,29.3,31,67,46.3,27.29,9.74,35.7,229,14.9,15.42,0.97
Wake Forest (ACC),31,11,20,35.5,68.4,75.6,-7.3,37.9,34.6,3.3,23,58,39.4,15.94,21.97,72.5,6.35,20.65,30.8,27,58,46.4,23.26,7.94,34.1,322,10.65,13.45,0.79
Oral Roberts (Summit League),32,11,21,34.4,72.3,77.6,-5.3,35.8,32.9,2.9,27,59,45.6,10.63,15.38,69.1,8.31,22.94,36.2,27,59,46.0,23.41,8.91,38.1,221,13.56,13.94,0.97
Kansas City (WAC),32,11,21,34.4,69.4,73.2,-3.8,30.3,36.5,-6.2,24,56,43.1,12.91,18.44,70.0,8.09,22.75,35.6,26,55,46.5,20.13,7.31,36.3,277,10.97,12.22,0.9
Middle Tenn. (C-USA),32,11,21,34.4,66.9,72.3,-5.4,38.4,34.9,3.4,24,58,41.9,11.66,17.22,67.7,6.63,20.34,32.6,25,58,43.2,23.59,8.09,34.3,345,11.0,16.0,0.69
Massachusetts (Atlantic 10),32,11,21,34.4,70.7,73.6,-2.8,35.0,32.3,2.6,25,57,44.1,12.22,17.94,68.1,8.0,22.84,35.0,25,55,45.1,19.28,6.75,35.0,157,14.66,13.91,1.05
Manhattan (MAAC),32,11,21,34.4,57.3,62.8,-5.6,31.1,32.3,-1.2,20,50,40.5,9.75,16.69,58.4,6.84,20.66,33.1,20,47,43.4,19.59,7.09,36.2,337,11.25,15.31,0.73
App State (Sun Belt),32,11,21,34.4,79.9,79.3,0.6,35.2,37.1,-2.0,28,61,45.4,15.78,22.06,71.5,9.13,25.44,35.9,29,61,46.7,20.59,7.56,36.7,224,12.69,13.09,0.97
Washington St. (Pac-12),32,11,21,34.4,74.8,78.7,-3.9,33.6,36.1,-2.4,26,58,44.8,13.31,17.63,75.5,9.41,25.88,36.4,29,61,47.1,25.63,9.28,36.2,137,14.88,13.78,1.08
VMI (SoCon),32,11,21,34.4,76.0,81.8,-5.8,34.7,38.8,-4.2,26,62,42.7,13.25,18.16,73.0,10.09,28.09,35.9,30,62,47.5,24.44,9.06,37.1,106,13.81,12.22,1.13
Evansville (MVC),32,11,21,34.4,69.8,72.4,-2.6,34.1,38.0,-3.9,23,55,42.1,14.88,20.63,72.1,8.25,24.31,33.9,26,58,44.2,18.94,6.59,34.8,236,12.31,12.81,0.96
Elon (CAA),32,11,21,34.4,70.8,76.4,-5.6,33.8,36.6,-2.8,25,58,43.6,9.59,13.84,69.3,10.47,29.44,35.6,27,60,45.3,24.06,8.94,37.1,102,14.63,12.91,1.13
Georgia (SEC),32,11,21,34.4,71.1,73.9,-2.8,37.9,35.0,2.9,24,55,44.1,16.0,22.69,70.5,6.56,20.41,32.2,27,63,42.6,22.38,7.44,33.2,308,13.22,15.81,0.84
Loyola Maryland (Patriot),32,11,21,34.4,72.9,77.4,-4.5,31.1,33.4,-2.3,26,57,45.9,13.69,19.28,71.0,6.56,19.25,34.1,28,57,48.7,20.19,7.94,39.3,191,14.0,13.88,1.01
Bryant (NEC),30,10,20,33.3,69.6,77.1,-7.5,32.3,36.1,-3.8,24,56,42.2,14.67,20.6,71.2,7.67,23.6,32.5,27,57,47.5,21.67,8.4,38.8,313,10.63,12.83,0.83
Lafayette (Patriot),30,10,20,33.3,73.6,78.3,-4.7,33.4,35.8,-2.5,27,60,44.9,10.83,14.57,74.4,9.33,24.53,38.0,28,60,47.2,21.47,8.2,38.2,164,13.97,13.4,1.04
SIUE (OVC),31,10,21,32.3,73.1,81.3,-8.2,34.9,37.5,-2.6,26,61,41.8,15.35,21.84,70.3,6.48,21.45,30.2,29,59,49.2,21.77,8.03,36.9,291,12.32,14.13,0.87
Southeast Mo. St. (OVC),31,10,21,32.3,71.5,76.7,-5.2,34.9,36.6,-1.7,26,58,44.0,11.55,16.77,68.8,8.58,23.19,37.0,27,60,45.4,24.97,8.0,32.0,274,12.97,14.42,0.9
Northern Ariz. (Big Sky),31,10,21,32.3,73.0,77.5,-4.5,34.1,35.9,-1.8,25,59,43.2,13.97,19.81,70.5,8.35,24.16,34.6,28,59,47.1,25.84,9.26,35.8,176,12.29,12.0,1.02
Western Ill. (Summit League),31,10,21,32.3,70.9,73.3,-2.4,35.5,37.1,-1.6,26,60,44.0,10.35,14.19,73.0,7.77,20.19,38.5,27,60,44.2,23.13,8.9,38.5,273,10.29,11.42,0.9
Alcorn (SWAC),31,10,21,32.3,64.4,70.8,-6.4,34.8,34.9,-0.1,23,56,41.2,11.81,17.52,67.4,6.81,20.84,32.7,25,56,44.8,21.19,6.61,31.2,320,12.61,15.87,0.79
Cleveland St. (Horizon),31,10,21,32.3,74.2,78.6,-4.4,35.3,39.0,-3.7,26,59,43.6,12.87,18.87,68.2,9.77,26.45,37.0,28,62,44.6,24.9,8.1,32.5,112,14.84,13.29,1.12
La Salle (Atlantic 10),31,10,21,32.3,67.5,72.4,-4.9,34.1,35.6,-1.5,23,58,40.0,12.71,16.52,77.0,8.35,25.26,33.1,25,55,45.6,18.19,6.23,34.2,276,12.61,14.03,0.9
Little Rock (Sun Belt),31,10,21,32.3,74.2,75.9,-1.7,34.2,34.5,-0.2,26,54,48.4,14.87,22.68,65.6,6.65,18.77,35.4,26,58,44.0,25.42,8.97,35.3,287,14.29,16.26,0.88
East Carolina (AAC),31,10,21,32.3,67.4,74.2,-6.8,34.2,37.2,-2.9,24,58,41.8,14.03,20.58,68.2,5.0,17.58,28.4,25,57,44.9,21.0,6.9,32.9,261,12.32,13.42,0.92
Towson (CAA),32,10,22,31.3,67.8,71.7,-3.9,36.9,31.9,5.0,25,58,43.5,11.56,16.63,69.5,5.63,17.19,32.7,24,56,43.6,25.84,9.16,35.4,317,9.97,12.19,0.82
Saint Peter's (MAAC),32,10,22,31.3,62.9,68.6,-5.8,32.4,30.7,1.7,22,51,43.1,12.94,17.81,72.6,5.75,17.72,32.5,23,52,43.4,21.22,8.19,38.6,350,9.41,15.28,0.62
UC Riverside (Big West),33,10,23,30.3,65.2,69.1,-3.8,31.9,31.2,0.7,24,54,44.3,8.79,12.85,68.4,8.45,22.52,37.6,25,53,46.7,19.39,6.94,35.8,198,12.88,12.85,1.0
UNCW (CAA),33,10,23,30.3,76.2,80.9,-4.8,37.0,33.7,3.4,27,60,44.3,14.94,20.39,73.3,7.88,22.55,34.9,28,60,47.3,25.88,10.0,38.6,103,15.0,13.24,1.13
Binghamton (America East),33,10,23,30.3,65.2,72.0,-6.8,32.1,38.3,-6.2,24,56,43.1,8.82,13.64,64.7,8.33,23.88,34.9,27,60,44.4,23.39,9.06,38.7,321,9.82,12.39,0.79
Tennessee St. (OVC),30,9,21,30.0,72.7,77.7,-5.0,34.4,34.5,-0.1,25,58,43.2,14.67,20.93,70.1,8.0,23.87,33.5,25,54,46.6,19.1,7.17,37.5,344,11.4,16.57,0.69
Morgan St. (MEAC),30,9,21,30.0,72.0,76.8,-4.8,36.0,40.2,-4.2,25,64,39.4,15.9,22.3,71.3,5.6,17.37,32.2,27,58,46.6,21.4,7.77,36.3,281,11.93,13.37,0.89
Mount St. Mary's (NEC),31,9,22,29.0,67.5,73.7,-6.3,33.4,37.0,-3.6,24,57,41.8,13.0,19.16,67.8,7.19,23.32,30.8,26,58,44.5,22.61,7.97,35.2,298,11.42,13.23,0.86
Fairfield (MAAC),31,9,22,29.0,66.8,69.9,-3.1,31.2,34.4,-3.1,25,57,43.4,9.39,13.55,69.3,8.35,23.87,35.0,24,52,46.0,18.68,6.84,36.6,259,12.94,14.06,0.92
Milwaukee (Horizon),31,9,22,29.0,69.2,74.7,-5.5,35.4,36.3,-0.9,25,59,42.0,12.23,16.39,74.6,7.65,22.32,34.2,26,58,43.9,26.35,8.9,33.8,255,11.48,12.32,0.93
McNeese (Southland),31,9,22,29.0,69.3,74.3,-5.0,34.0,33.1,0.8,25,54,45.3,14.87,20.87,71.3,5.42,17.68,30.7,27,59,45.6,23.71,8.52,35.9,246,13.84,14.52,0.95
Vanderbilt (SEC),32,9,23,28.1,68.1,72.3,-4.2,35.5,35.3,0.1,23,55,42.1,14.94,22.19,67.3,7.19,23.09,31.1,26,59,43.3,20.97,7.31,34.9,318,11.59,14.19,0.82
UTEP (C-USA),29,8,21,27.6,64.1,69.0,-4.9,36.9,36.4,0.4,22,55,40.1,13.17,19.93,66.1,6.86,21.38,32.1,24,58,42.1,21.31,7.52,35.3,349,10.59,16.1,0.66
Charlotte (C-USA),29,8,21,27.6,61.2,68.7,-7.4,30.8,33.0,-2.2,21,50,41.5,13.41,18.07,74.2,6.59,21.21,31.1,24,54,43.8,22.9,8.14,35.5,347,9.93,14.52,0.68
George Washington (Atlantic 10),33,9,24,27.3,63.5,71.4,-7.8,33.8,37.5,-3.7,23,56,40.4,12.45,18.18,68.5,5.94,19.12,31.1,26,58,44.1,23.42,8.33,35.6,267,11.36,12.48,0.91
Denver (Summit League),30,8,22,26.7,69.5,77.3,-7.8,34.7,32.7,2.0,25,57,43.8,11.63,15.33,75.9,7.57,20.73,36.5,27,58,47.0,25.33,10.6,41.8,295,11.8,13.6,0.87
Tennessee Tech (OVC),31,8,23,25.8,67.9,75.8,-7.9,36.2,38.7,-2.5,24,58,41.6,13.13,20.81,63.1,6.87,20.0,34.4,27,61,44.1,22.48,7.58,33.7,334,12.55,16.68,0.75
California (Pac-12),31,8,23,25.8,68.4,77.0,-8.6,29.1,36.1,-7.0,24,56,42.6,14.06,19.45,72.3,6.68,19.1,35.0,27,55,48.9,23.03,8.77,38.1,248,10.81,11.42,0.95
Western Mich. (MAC),32,8,24,25.0,70.2,76.2,-6.0,37.4,35.3,2.1,24,57,42.5,14.69,21.25,69.1,7.13,22.59,31.5,27,61,44.7,23.72,8.69,36.6,331,11.69,15.31,0.76
Wyoming (Mountain West),32,8,24,25.0,65.8,75.3,-9.6,30.7,38.1,-7.4,22,52,41.7,14.91,20.63,72.3,7.75,22.5,34.4,26,59,44.4,23.97,8.25,34.4,336,10.34,13.97,0.74
Coppin St. (MEAC),33,8,25,24.2,64.2,76.0,-11.8,36.9,38.7,-1.8,22,55,38.9,13.88,20.88,66.5,7.27,25.48,28.5,26,61,42.9,24.61,9.0,36.6,351,9.88,16.82,0.59
South Carolina St. (MEAC),34,8,26,23.5,70.2,76.3,-6.0,33.5,32.7,0.8,24,56,42.9,16.85,22.71,74.2,5.68,17.12,33.2,27,55,48.5,21.76,7.97,36.6,327,11.35,14.53,0.78
Stetson (ASUN),31,7,24,22.6,69.4,78.4,-9.0,35.8,39.1,-3.3,26,63,40.5,11.23,16.23,69.2,6.94,22.06,31.4,28,60,46.5,24.55,8.94,36.4,159,13.48,12.81,1.05
Southern U. (SWAC),32,7,25,21.9,64.9,73.8,-8.8,30.7,33.3,-2.7,24,53,44.0,12.28,18.38,66.8,5.63,17.0,33.1,25,52,48.1,18.47,6.84,37.1,339,11.63,15.94,0.73
Western Caro. (SoCon),32,7,25,21.9,72.0,80.1,-8.1,35.5,32.3,3.2,25,55,45.4,13.25,19.63,67.5,9.25,25.0,37.0,28,59,48.0,22.5,7.53,33.5,348,12.16,18.22,0.67
UMES (MEAC),32,7,25,21.9,57.3,71.6,-14.3,31.0,37.2,-6.2,21,53,39.0,10.28,15.28,67.3,5.38,19.06,28.2,25,54,45.6,23.94,8.88,37.1,307,11.28,13.47,0.84
Portland (WCC),32,7,25,21.9,64.9,74.7,-9.7,32.3,37.4,-5.2,22,53,41.4,14.0,20.88,67.1,6.75,20.75,32.5,26,58,44.5,23.72,8.75,36.9,294,11.53,13.28,0.87
Cal Poly (Big West),29,6,23,20.7,66.6,75.3,-8.7,33.6,38.2,-4.6,24,59,41.2,10.1,15.59,64.8,7.76,23.69,32.8,27,58,46.1,19.14,7.03,36.8,272,10.38,11.52,0.9
Delaware St. (MEAC),31,6,25,19.4,63.1,76.5,-13.4,36.9,42.1,-5.2,22,63,35.4,10.71,15.77,67.9,7.55,25.45,29.7,26,59,45.0,23.0,7.87,34.2,329,10.74,14.03,0.77
UIW (Southland),31,6,25,19.4,65.9,76.0,-10.0,27.3,31.1,-3.8,23,49,46.6,14.45,17.84,81.0,5.61,16.39,34.3,27,54,49.2,21.55,7.77,36.1,342,11.42,16.26,0.7
USC Upstate (Big South),32,6,26,18.8,67.8,74.8,-7.1,32.8,37.5,-4.6,24,59,41.4,10.94,15.38,71.1,8.41,25.53,32.9,26,57,46.2,20.34,6.94,34.1,214,13.56,13.75,0.99
Kennesaw St. (ASUN),32,6,26,18.8,63.4,76.7,-13.3,36.3,38.2,-1.9,23,61,38.1,12.81,18.44,69.5,4.25,13.69,31.1,28,61,46.6,22.66,8.03,35.4,314,11.31,13.66,0.83
Mississippi Val. (SWAC),32,6,26,18.8,64.3,78.1,-13.8,36.6,40.1,-3.5,23,60,38.0,13.31,20.22,65.8,5.38,17.31,31.0,28,60,46.4,22.78,8.78,38.5,293,11.28,12.97,0.87
New Hampshire (America East),29,5,24,17.2,60.1,68.6,-8.6,34.0,37.2,-3.2,21,57,37.6,8.1,13.28,61.0,9.0,27.14,33.2,24,54,44.3,20.52,6.83,33.3,264,11.21,12.28,0.91
Maine (America East),32,5,27,15.6,62.1,71.0,-8.8,31.7,33.3,-1.5,23,54,43.2,9.16,14.13,64.8,6.28,20.22,31.1,24,52,45.6,24.75,9.47,38.3,178,14.72,14.38,1.02
Alabama A&M (SWAC),32,5,27,15.6,60.6,71.4,-10.8,32.0,36.2,-4.2,23,56,40.7,8.88,14.16,62.7,5.69,18.0,31.6,25,54,46.9,20.78,7.34,35.3,324,12.0,15.22,0.79
Idaho (Big Sky),32,5,27,15.6,67.9,76.9,-8.9,33.1,36.2,-3.1,24,55,44.1,11.47,15.84,72.4,7.84,21.19,37.0,27,61,45.1,26.28,8.75,33.3,258,12.47,13.53,0.92
Tulane (AAC),31,4,27,12.9,67.2,77.5,-10.4,36.4,38.5,-2.2,24,58,41.1,13.0,18.87,68.9,6.87,21.61,31.8,28,63,44.1,24.48,8.23,33.6,247,14.32,15.13,0.95
UNC Asheville (Big South),31,4,27,12.9,59.9,74.6,-14.7,30.0,34.6,-4.6,21,52,40.3,10.45,14.1,74.1,7.19,22.16,32.5,26,55,47.6,23.97,8.74,36.5,340,10.68,14.74,0.72
San Jose St. (Mountain West),31,4,27,12.9,65.9,81.7,-15.9,36.5,37.0,-0.5,23,57,40.4,13.1,20.0,65.5,6.77,20.68,32.8,30,63,47.3,30.03,11.23,37.4,290,13.65,15.65,0.87
Chicago St. (WAC),32,3,29,9.4,61.6,84.7,-23.1,31.1,38.9,-7.8,22,55,41.0,12.28,18.16,67.6,4.41,14.72,29.9,30,62,48.5,27.16,10.34,38.1,338,11.75,16.03,0.73
